-- phpMyAdmin SQL Dump
-- version 5.2.1
-- https://www.phpmyadmin.net/
--
-- Host: localhost:3306
-- Generation Time: Apr 15, 2025 at 02:08 AM
-- Server version: 8.0.30
-- PHP Version: 8.3.7

SET SQL_MODE = "NO_AUTO_VALUE_ON_ZERO";
START TRANSACTION;
SET time_zone = "+00:00";


/*!40101 SET @OLD_CHARACTER_SET_CLIENT=@@CHARACTER_SET_CLIENT */;
/*!40101 SET @OLD_CHARACTER_SET_RESULTS=@@CHARACTER_SET_RESULTS */;
/*!40101 SET @OLD_COLLATION_CONNECTION=@@COLLATION_CONNECTION */;
/*!40101 SET NAMES utf8mb4 */;

--
-- Database: `instagram_clone_testdrive`
--

-- --------------------------------------------------------

--
-- Table structure for table `cache`
--

CREATE TABLE `cache` (
  `key` varchar(255) COLLATE utf8mb4_unicode_ci NOT NULL,
  `value` mediumtext COLLATE utf8mb4_unicode_ci NOT NULL,
  `expiration` int NOT NULL
) ENGINE=InnoDB DEFAULT CHARSET=utf8mb4 COLLATE=utf8mb4_unicode_ci;

--
-- Dumping data for table `cache`
--

INSERT INTO `cache` (`key`, `value`, `expiration`) VALUES
('laravel_cache_spatie.permission.cache', 'a:3:{s:5:\"alias\";a:0:{}s:11:\"permissions\";a:0:{}s:5:\"roles\";a:0:{}}', 1744692640);

-- --------------------------------------------------------

--
-- Table structure for table `cache_locks`
--

CREATE TABLE `cache_locks` (
  `key` varchar(255) COLLATE utf8mb4_unicode_ci NOT NULL,
  `owner` varchar(255) COLLATE utf8mb4_unicode_ci NOT NULL,
  `expiration` int NOT NULL
) ENGINE=InnoDB DEFAULT CHARSET=utf8mb4 COLLATE=utf8mb4_unicode_ci;

-- --------------------------------------------------------

--
-- Table structure for table `comments`
--

CREATE TABLE `comments` (
  `id` bigint UNSIGNED NOT NULL,
  `user_id` bigint UNSIGNED NOT NULL,
  `media_post_id` bigint UNSIGNED NOT NULL,
  `comment` text COLLATE utf8mb4_unicode_ci NOT NULL,
  `deleted_at` timestamp NULL DEFAULT NULL,
  `created_at` timestamp NULL DEFAULT NULL,
  `updated_at` timestamp NULL DEFAULT NULL
) ENGINE=InnoDB DEFAULT CHARSET=utf8mb4 COLLATE=utf8mb4_unicode_ci;

--
-- Dumping data for table `comments`
--

INSERT INTO `comments` (`id`, `user_id`, `media_post_id`, `comment`, `deleted_at`, `created_at`, `updated_at`) VALUES
(1, 2, 7, 'Asek', NULL, '2025-04-14 01:42:35', '2025-04-14 01:42:35'),
(2, 1, 5, 'Asek', NULL, '2025-04-14 01:45:20', '2025-04-14 01:45:20'),
(3, 1, 5, 'Asek', NULL, '2025-04-14 01:45:50', '2025-04-14 01:45:50'),
(4, 1, 6, 'Kok iso', NULL, '2025-04-14 01:48:09', '2025-04-14 01:48:09'),
(5, 1, 6, 'Kok iso', NULL, '2025-04-14 01:48:10', '2025-04-14 01:48:10'),
(6, 1, 4, 'lah', NULL, '2025-04-14 01:48:25', '2025-04-14 01:48:25'),
(7, 2, 6, 'Edan', NULL, '2025-04-14 01:48:55', '2025-04-14 01:48:55'),
(8, 1, 6, 'Tes', NULL, '2025-04-14 01:50:41', '2025-04-14 01:50:41'),
(9, 1, 6, 'Holla', NULL, '2025-04-14 01:51:09', '2025-04-14 01:51:09'),
(10, 1, 6, 'Tes', NULL, '2025-04-14 01:53:25', '2025-04-14 01:53:25'),
(11, 1, 6, 'Nah', NULL, '2025-04-14 01:53:29', '2025-04-14 01:53:29'),
(12, 1, 7, 'Gege', NULL, '2025-04-14 01:57:07', '2025-04-14 01:57:07'),
(13, 1, 5, 'Maecang and manggo', NULL, '2025-04-14 01:57:27', '2025-04-14 01:57:27'),
(14, 1, 7, 'Edan', NULL, '2025-04-14 02:35:21', '2025-04-14 02:35:21'),
(15, 1, 7, 'Asek', NULL, '2025-04-14 03:23:59', '2025-04-14 03:23:59'),
(16, 1, 7, 'Asek', NULL, '2025-04-14 03:26:24', '2025-04-14 03:26:24'),
(17, 4, 7, 'Sugoiii', NULL, '2025-04-14 07:58:34', '2025-04-14 07:58:34'),
(18, 4, 7, 'Ukulelel', NULL, '2025-04-14 16:31:11', '2025-04-14 16:31:11'),
(744, 6, 133, 'Ini beneran terjadi?', NULL, '2025-04-14 17:33:55', '2025-04-14 17:33:55'),
(745, 7, 133, 'Aing ngakak asli ðŸ˜‚', NULL, '2025-04-14 17:33:55', '2025-04-14 17:33:55'),
(746, 11, 133, 'Ini mah udah level dewa', NULL, '2025-04-14 17:33:55', '2025-04-14 17:33:55'),
(747, 17, 133, 'Ini beneran terjadi?', NULL, '2025-04-14 17:33:55', '2025-04-14 17:33:55'),
(748, 20, 133, 'Tolong ini lucu beneran!', NULL, '2025-04-14 17:33:55', '2025-04-14 17:33:55'),
(749, 3, 134, 'Ini mah udah level dewa', NULL, '2025-04-14 17:33:55', '2025-04-14 17:33:55'),
(750, 11, 134, 'Aing ngakak asli ðŸ˜‚', NULL, '2025-04-14 17:33:55', '2025-04-14 17:33:55'),
(751, 15, 134, 'Tag temen lo!', NULL, '2025-04-14 17:33:55', '2025-04-14 17:33:55'),
(752, 1, 135, 'Ini mah udah level dewa', NULL, '2025-04-14 17:33:55', '2025-04-14 17:33:55'),
(753, 3, 135, 'Haram banget ini sih haha', NULL, '2025-04-14 17:33:55', '2025-04-14 17:33:55'),
(754, 5, 135, 'Tolong ini lucu beneran!', NULL, '2025-04-14 17:33:55', '2025-04-14 17:33:55'),
(755, 6, 135, 'Ini beneran terjadi?', NULL, '2025-04-14 17:33:55', '2025-04-14 17:33:55'),
(756, 7, 135, 'Tolong ini lucu beneran!', NULL, '2025-04-14 17:33:55', '2025-04-14 17:33:55'),
(757, 12, 135, 'Aing ngakak asli ðŸ˜‚', NULL, '2025-04-14 17:33:55', '2025-04-14 17:33:55'),
(758, 21, 135, 'Astagfirullah ngakak', NULL, '2025-04-14 17:33:55', '2025-04-14 17:33:55'),
(759, 1, 136, 'Astagfirullah ngakak', NULL, '2025-04-14 17:33:55', '2025-04-14 17:33:55'),
(760, 2, 136, 'Gue save dulu ya', NULL, '2025-04-14 17:33:55', '2025-04-14 17:33:55'),
(761, 3, 136, 'Haram banget ini sih haha', NULL, '2025-04-14 17:33:55', '2025-04-14 17:33:55'),
(762, 11, 136, 'Wkwkwk parah!', NULL, '2025-04-14 17:33:55', '2025-04-14 17:33:55'),
(763, 14, 136, 'Kocak banget ini wkwkwk', NULL, '2025-04-14 17:33:55', '2025-04-14 17:33:55'),
(764, 15, 136, 'Tolong ini lucu beneran!', NULL, '2025-04-14 17:33:55', '2025-04-14 17:33:55'),
(765, 20, 136, 'Astagfirullah ngakak', NULL, '2025-04-14 17:33:55', '2025-04-14 17:33:55'),
(766, 21, 136, 'Astagfirullah ngakak', NULL, '2025-04-14 17:33:55', '2025-04-14 17:33:55'),
(767, 2, 137, 'Tag temen lo!', NULL, '2025-04-14 17:33:55', '2025-04-14 17:33:55'),
(768, 4, 137, 'Tag temen lo!', NULL, '2025-04-14 17:33:55', '2025-04-14 17:33:55'),
(769, 6, 137, 'Haram banget ini sih haha', NULL, '2025-04-14 17:33:55', '2025-04-14 17:33:55'),
(770, 12, 137, 'Gue save dulu ya', NULL, '2025-04-14 17:33:55', '2025-04-14 17:33:55'),
(771, 13, 137, 'Kocak banget ini wkwkwk', NULL, '2025-04-14 17:33:55', '2025-04-14 17:33:55'),
(772, 14, 137, 'Ini beneran terjadi?', NULL, '2025-04-14 17:33:55', '2025-04-14 17:33:55'),
(773, 15, 137, 'Tag temen lo!', NULL, '2025-04-14 17:33:55', '2025-04-14 17:33:55'),
(774, 18, 137, 'Ini mah udah level dewa', NULL, '2025-04-14 17:33:55', '2025-04-14 17:33:55'),
(775, 3, 138, 'Tolong ini lucu beneran!', NULL, '2025-04-14 17:33:55', '2025-04-14 17:33:55'),
(776, 6, 138, 'Wkwkwk parah!', NULL, '2025-04-14 17:33:55', '2025-04-14 17:33:55'),
(777, 11, 138, 'Haram banget ini sih haha', NULL, '2025-04-14 17:33:55', '2025-04-14 17:33:55'),
(778, 12, 138, 'Haram banget ini sih haha', NULL, '2025-04-14 17:33:55', '2025-04-14 17:33:55'),
(779, 13, 138, 'Ini beneran terjadi?', NULL, '2025-04-14 17:33:55', '2025-04-14 17:33:55'),
(780, 14, 138, 'Aing ngakak asli ðŸ˜‚', NULL, '2025-04-14 17:33:55', '2025-04-14 17:33:55'),
(781, 17, 138, 'Tolong ini lucu beneran!', NULL, '2025-04-14 17:33:55', '2025-04-14 17:33:55'),
(782, 3, 139, 'Kocak banget ini wkwkwk', NULL, '2025-04-14 17:33:55', '2025-04-14 17:33:55'),
(783, 4, 139, 'Astagfirullah ngakak', NULL, '2025-04-14 17:33:55', '2025-04-14 17:33:55'),
(784, 5, 139, 'Tag temen lo!', NULL, '2025-04-14 17:33:55', '2025-04-14 17:33:55'),
(785, 11, 139, 'Aing ngakak asli ðŸ˜‚', NULL, '2025-04-14 17:33:55', '2025-04-14 17:33:55'),
(786, 15, 139, 'Astagfirullah ngakak', NULL, '2025-04-14 17:33:55', '2025-04-14 17:33:55'),
(787, 16, 139, 'Kocak banget ini wkwkwk', NULL, '2025-04-14 17:33:55', '2025-04-14 17:33:55'),
(788, 17, 139, 'Ini beneran terjadi?', NULL, '2025-04-14 17:33:55', '2025-04-14 17:33:55'),
(789, 19, 139, 'Wkwkwk parah!', NULL, '2025-04-14 17:33:55', '2025-04-14 17:33:55'),
(790, 2, 140, 'Aing ngakak asli ðŸ˜‚', NULL, '2025-04-14 17:33:55', '2025-04-14 17:33:55'),
(791, 6, 140, 'Wkwkwk parah!', NULL, '2025-04-14 17:33:55', '2025-04-14 17:33:55'),
(792, 11, 140, 'Kocak banget ini wkwkwk', NULL, '2025-04-14 17:33:55', '2025-04-14 17:33:55'),
(793, 15, 140, 'Tag temen lo!', NULL, '2025-04-14 17:33:55', '2025-04-14 17:33:55'),
(794, 16, 140, 'Tolong ini lucu beneran!', NULL, '2025-04-14 17:33:55', '2025-04-14 17:33:55'),
(795, 17, 140, 'Haram banget ini sih haha', NULL, '2025-04-14 17:33:55', '2025-04-14 17:33:55'),
(796, 19, 140, 'Kocak banget ini wkwkwk', NULL, '2025-04-14 17:33:55', '2025-04-14 17:33:55'),
(797, 4, 141, 'Haram banget ini sih haha', NULL, '2025-04-14 17:33:55', '2025-04-14 17:33:55'),
(798, 5, 141, 'Astagfirullah ngakak', NULL, '2025-04-14 17:33:55', '2025-04-14 17:33:55'),
(799, 7, 141, 'Kocak banget ini wkwkwk', NULL, '2025-04-14 17:33:55', '2025-04-14 17:33:55'),
(800, 15, 141, 'Ini mah udah level dewa', NULL, '2025-04-14 17:33:55', '2025-04-14 17:33:55'),
(801, 16, 141, 'Tag temen lo!', NULL, '2025-04-14 17:33:55', '2025-04-14 17:33:55'),
(802, 21, 141, 'Astagfirullah ngakak', NULL, '2025-04-14 17:33:55', '2025-04-14 17:33:55'),
(803, 1, 142, 'Kocak banget ini wkwkwk', NULL, '2025-04-14 17:33:55', '2025-04-14 17:33:55'),
(804, 3, 142, 'Aing ngakak asli ðŸ˜‚', NULL, '2025-04-14 17:33:55', '2025-04-14 17:33:55'),
(805, 11, 142, 'Tag temen lo!', NULL, '2025-04-14 17:33:55', '2025-04-14 17:33:55'),
(806, 12, 142, 'Ini beneran terjadi?', NULL, '2025-04-14 17:33:55', '2025-04-14 17:33:55'),
(807, 16, 142, 'Ini beneran terjadi?', NULL, '2025-04-14 17:33:55', '2025-04-14 17:33:55'),
(808, 17, 142, 'Tolong ini lucu beneran!', NULL, '2025-04-14 17:33:55', '2025-04-14 17:33:55'),
(809, 21, 142, 'Tolong ini lucu beneran!', NULL, '2025-04-14 17:33:55', '2025-04-14 17:33:55'),
(810, 3, 143, 'Tolong ini lucu beneran!', NULL, '2025-04-14 17:33:55', '2025-04-14 17:33:55'),
(811, 4, 143, 'Tag temen lo!', NULL, '2025-04-14 17:33:55', '2025-04-14 17:33:55'),
(812, 7, 143, 'Wkwkwk parah!', NULL, '2025-04-14 17:33:55', '2025-04-14 17:33:55'),
(813, 11, 143, 'Ini mah udah level dewa', NULL, '2025-04-14 17:33:55', '2025-04-14 17:33:55'),
(814, 21, 143, 'Ini mah udah level dewa', NULL, '2025-04-14 17:33:55', '2025-04-14 17:33:55'),
(815, 2, 144, 'Tag temen lo!', NULL, '2025-04-14 17:33:55', '2025-04-14 17:33:55'),
(816, 3, 144, 'Aing ngakak asli ðŸ˜‚', NULL, '2025-04-14 17:33:55', '2025-04-14 17:33:55'),
(817, 4, 144, 'Ini beneran terjadi?', NULL, '2025-04-14 17:33:55', '2025-04-14 17:33:55'),
(818, 14, 144, 'Tag temen lo!', NULL, '2025-04-14 17:33:55', '2025-04-14 17:33:55'),
(819, 17, 144, 'Ini beneran terjadi?', NULL, '2025-04-14 17:33:55', '2025-04-14 17:33:55'),
(820, 4, 145, 'Haram banget ini sih haha', NULL, '2025-04-14 17:33:55', '2025-04-14 17:33:55'),
(821, 6, 145, 'Wkwkwk parah!', NULL, '2025-04-14 17:33:55', '2025-04-14 17:33:55'),
(822, 11, 145, 'Tolong ini lucu beneran!', NULL, '2025-04-14 17:33:55', '2025-04-14 17:33:55'),
(823, 14, 145, 'Ini beneran terjadi?', NULL, '2025-04-14 17:33:55', '2025-04-14 17:33:55'),
(824, 21, 145, 'Tolong ini lucu beneran!', NULL, '2025-04-14 17:33:55', '2025-04-14 17:33:55'),
(825, 1, 146, 'Wkwkwk parah!', NULL, '2025-04-14 17:33:55', '2025-04-14 17:33:55'),
(826, 2, 146, 'Tolong ini lucu beneran!', NULL, '2025-04-14 17:33:55', '2025-04-14 17:33:55'),
(827, 3, 146, 'Ini beneran terjadi?', NULL, '2025-04-14 17:33:55', '2025-04-14 17:33:55'),
(828, 11, 146, 'Gue save dulu ya', NULL, '2025-04-14 17:33:55', '2025-04-14 17:33:55'),
(829, 16, 146, 'Ini beneran terjadi?', NULL, '2025-04-14 17:33:55', '2025-04-14 17:33:55'),
(830, 17, 146, 'Kocak banget ini wkwkwk', NULL, '2025-04-14 17:33:55', '2025-04-14 17:33:55'),
(831, 20, 146, 'Haram banget ini sih haha', NULL, '2025-04-14 17:33:55', '2025-04-14 17:33:55'),
(832, 21, 146, 'Astagfirullah ngakak', NULL, '2025-04-14 17:33:55', '2025-04-14 17:33:55'),
(833, 3, 147, 'Aing ngakak asli ðŸ˜‚', NULL, '2025-04-14 17:33:55', '2025-04-14 17:33:55'),
(834, 4, 147, 'Wkwkwk parah!', NULL, '2025-04-14 17:33:55', '2025-04-14 17:33:55'),
(835, 15, 147, 'Astagfirullah ngakak', NULL, '2025-04-14 17:33:55', '2025-04-14 17:33:55'),
(836, 16, 147, 'Kocak banget ini wkwkwk', NULL, '2025-04-14 17:33:55', '2025-04-14 17:33:55'),
(837, 20, 147, 'Aing ngakak asli ðŸ˜‚', NULL, '2025-04-14 17:33:55', '2025-04-14 17:33:55'),
(838, 21, 147, 'Ini mah udah level dewa', NULL, '2025-04-14 17:33:55', '2025-04-14 17:33:55'),
(839, 11, 148, 'Astagfirullah ngakak', NULL, '2025-04-14 17:33:55', '2025-04-14 17:33:55'),
(840, 15, 148, 'Wkwkwk parah!', NULL, '2025-04-14 17:33:55', '2025-04-14 17:33:55'),
(841, 16, 148, 'Gue save dulu ya', NULL, '2025-04-14 17:33:55', '2025-04-14 17:33:55'),
(842, 17, 148, 'Kocak banget ini wkwkwk', NULL, '2025-04-14 17:33:55', '2025-04-14 17:33:55'),
(843, 2, 149, 'Ini beneran terjadi?', NULL, '2025-04-14 17:33:55', '2025-04-14 17:33:55'),
(844, 12, 149, 'Kocak banget ini wkwkwk', NULL, '2025-04-14 17:33:55', '2025-04-14 17:33:55'),
(845, 14, 149, 'Wkwkwk parah!', NULL, '2025-04-14 17:33:55', '2025-04-14 17:33:55'),
(846, 15, 149, 'Tolong ini lucu beneran!', NULL, '2025-04-14 17:33:55', '2025-04-14 17:33:55'),
(847, 5, 150, 'Kocak banget ini wkwkwk', NULL, '2025-04-14 17:33:55', '2025-04-14 17:33:55'),
(848, 6, 150, 'Astagfirullah ngakak', NULL, '2025-04-14 17:33:55', '2025-04-14 17:33:55'),
(849, 7, 150, 'Kocak banget ini wkwkwk', NULL, '2025-04-14 17:33:55', '2025-04-14 17:33:55'),
(850, 12, 150, 'Tag temen lo!', NULL, '2025-04-14 17:33:55', '2025-04-14 17:33:55'),
(851, 14, 150, 'Tolong ini lucu beneran!', NULL, '2025-04-14 17:33:55', '2025-04-14 17:33:55'),
(852, 21, 150, 'Wkwkwk parah!', NULL, '2025-04-14 17:33:55', '2025-04-14 17:33:55'),
(853, 6, 151, 'Gue save dulu ya', NULL, '2025-04-14 17:33:55', '2025-04-14 17:33:55'),
(854, 7, 151, 'Kocak banget ini wkwkwk', NULL, '2025-04-14 17:33:55', '2025-04-14 17:33:55'),
(855, 15, 151, 'Kocak banget ini wkwkwk', NULL, '2025-04-14 17:33:55', '2025-04-14 17:33:55'),
(856, 20, 151, 'Kocak banget ini wkwkwk', NULL, '2025-04-14 17:33:55', '2025-04-14 17:33:55'),
(857, 5, 152, 'Aing ngakak asli ðŸ˜‚', NULL, '2025-04-14 17:33:55', '2025-04-14 17:33:55'),
(858, 15, 152, 'Tolong ini lucu beneran!', NULL, '2025-04-14 17:33:55', '2025-04-14 17:33:55'),
(859, 16, 152, 'Kocak banget ini wkwkwk', NULL, '2025-04-14 17:33:55', '2025-04-14 17:33:55'),
(860, 18, 152, 'Ini beneran terjadi?', NULL, '2025-04-14 17:33:55', '2025-04-14 17:33:55'),
(861, 20, 152, 'Ini mah udah level dewa', NULL, '2025-04-14 17:33:55', '2025-04-14 17:33:55'),
(862, 21, 152, 'Astagfirullah ngakak', NULL, '2025-04-14 17:33:55', '2025-04-14 17:33:55'),
(863, 2, 153, 'Tag temen lo!', NULL, '2025-04-14 17:33:55', '2025-04-14 17:33:55'),
(864, 3, 153, 'Ini mah udah level dewa', NULL, '2025-04-14 17:33:55', '2025-04-14 17:33:55'),
(865, 4, 153, 'Tag temen lo!', NULL, '2025-04-14 17:33:55', '2025-04-14 17:33:55'),
(866, 14, 153, 'Ini beneran terjadi?', NULL, '2025-04-14 17:33:55', '2025-04-14 17:33:55'),
(867, 18, 153, 'Aing ngakak asli ðŸ˜‚', NULL, '2025-04-14 17:33:55', '2025-04-14 17:33:55'),
(868, 6, 154, 'Astagfirullah ngakak', NULL, '2025-04-14 17:33:55', '2025-04-14 17:33:55'),
(869, 15, 154, 'Ini mah udah level dewa', NULL, '2025-04-14 17:33:55', '2025-04-14 17:33:55'),
(870, 20, 154, 'Ini mah udah level dewa', NULL, '2025-04-14 17:33:55', '2025-04-14 17:33:55'),
(871, 15, 155, 'Ini mah udah level dewa', NULL, '2025-04-14 17:33:55', '2025-04-14 17:33:55'),
(872, 17, 155, 'Tolong ini lucu beneran!', NULL, '2025-04-14 17:33:55', '2025-04-14 17:33:55'),
(873, 19, 155, 'Aing ngakak asli ðŸ˜‚', NULL, '2025-04-14 17:33:55', '2025-04-14 17:33:55'),
(874, 21, 155, 'Wkwkwk parah!', NULL, '2025-04-14 17:33:55', '2025-04-14 17:33:55'),
(875, 3, 156, 'Tolong ini lucu beneran!', NULL, '2025-04-14 17:33:55', '2025-04-14 17:33:55'),
(876, 6, 156, 'Tolong ini lucu beneran!', NULL, '2025-04-14 17:33:55', '2025-04-14 17:33:55'),
(877, 13, 156, 'Haram banget ini sih haha', NULL, '2025-04-14 17:33:55', '2025-04-14 17:33:55'),
(878, 14, 156, 'Aing ngakak asli ðŸ˜‚', NULL, '2025-04-14 17:33:55', '2025-04-14 17:33:55'),
(879, 15, 156, 'Tolong ini lucu beneran!', NULL, '2025-04-14 17:33:55', '2025-04-14 17:33:55'),
(880, 16, 156, 'Haram banget ini sih haha', NULL, '2025-04-14 17:33:55', '2025-04-14 17:33:55'),
(881, 17, 156, 'Haram banget ini sih haha', NULL, '2025-04-14 17:33:55', '2025-04-14 17:33:55'),
(882, 13, 157, 'Haram banget ini sih haha', NULL, '2025-04-14 17:33:55', '2025-04-14 17:33:55'),
(883, 17, 157, 'Aing ngakak asli ðŸ˜‚', NULL, '2025-04-14 17:33:55', '2025-04-14 17:33:55'),
(884, 18, 157, 'Astagfirullah ngakak', NULL, '2025-04-14 17:33:55', '2025-04-14 17:33:55'),
(885, 3, 158, 'Tag temen lo!', NULL, '2025-04-14 17:33:55', '2025-04-14 17:33:55'),
(886, 4, 158, 'Kocak banget ini wkwkwk', NULL, '2025-04-14 17:33:55', '2025-04-14 17:33:55'),
(887, 7, 158, 'Tag temen lo!', NULL, '2025-04-14 17:33:55', '2025-04-14 17:33:55'),
(888, 12, 158, 'Haram banget ini sih haha', NULL, '2025-04-14 17:33:55', '2025-04-14 17:33:55'),
(889, 18, 158, 'Tolong ini lucu beneran!', NULL, '2025-04-14 17:33:55', '2025-04-14 17:33:55'),
(890, 20, 158, 'Tag temen lo!', NULL, '2025-04-14 17:33:55', '2025-04-14 17:33:55'),
(891, 2, 159, 'Wkwkwk parah!', NULL, '2025-04-14 17:33:55', '2025-04-14 17:33:55'),
(892, 14, 159, 'Tag temen lo!', NULL, '2025-04-14 17:33:55', '2025-04-14 17:33:55'),
(893, 15, 159, 'Tolong ini lucu beneran!', NULL, '2025-04-14 17:33:55', '2025-04-14 17:33:55'),
(894, 19, 159, 'Tag temen lo!', NULL, '2025-04-14 17:33:55', '2025-04-14 17:33:55'),
(895, 15, 160, 'Kocak banget ini wkwkwk', NULL, '2025-04-14 17:33:55', '2025-04-14 17:33:55'),
(896, 16, 160, 'Tolong ini lucu beneran!', NULL, '2025-04-14 17:33:55', '2025-04-14 17:33:55'),
(897, 21, 160, 'Ini mah udah level dewa', NULL, '2025-04-14 17:33:55', '2025-04-14 17:33:55'),
(898, 2, 161, 'Kocak banget ini wkwkwk', NULL, '2025-04-14 17:33:55', '2025-04-14 17:33:55'),
(899, 7, 161, 'Tag temen lo!', NULL, '2025-04-14 17:33:55', '2025-04-14 17:33:55'),
(900, 17, 161, 'Wkwkwk parah!', NULL, '2025-04-14 17:33:55', '2025-04-14 17:33:55'),
(901, 4, 162, 'Ini beneran terjadi?', NULL, '2025-04-14 17:33:55', '2025-04-14 17:33:55'),
(902, 6, 162, 'Gue save dulu ya', NULL, '2025-04-14 17:33:55', '2025-04-14 17:33:55'),
(903, 20, 162, 'Tolong ini lucu beneran!', NULL, '2025-04-14 17:33:55', '2025-04-14 17:33:55'),
(904, 1, 163, 'Astagfirullah ngakak', NULL, '2025-04-14 17:33:55', '2025-04-14 17:33:55'),
(905, 4, 163, 'Haram banget ini sih haha', NULL, '2025-04-14 17:33:55', '2025-04-14 17:33:55'),
(906, 7, 163, 'Tolong ini lucu beneran!', NULL, '2025-04-14 17:33:55', '2025-04-14 17:33:55'),
(907, 12, 163, 'Wkwkwk parah!', NULL, '2025-04-14 17:33:55', '2025-04-14 17:33:55'),
(908, 15, 163, 'Ini mah udah level dewa', NULL, '2025-04-14 17:33:55', '2025-04-14 17:33:55'),
(909, 17, 163, 'Astagfirullah ngakak', NULL, '2025-04-14 17:33:55', '2025-04-14 17:33:55'),
(910, 18, 163, 'Ini mah udah level dewa', NULL, '2025-04-14 17:33:55', '2025-04-14 17:33:55'),
(911, 21, 163, 'Tag temen lo!', NULL, '2025-04-14 17:33:55', '2025-04-14 17:33:55'),
(912, 2, 164, 'Haram banget ini sih haha', NULL, '2025-04-14 17:33:55', '2025-04-14 17:33:55'),
(913, 12, 164, 'Ini mah udah level dewa', NULL, '2025-04-14 17:33:55', '2025-04-14 17:33:55'),
(914, 13, 164, 'Tag temen lo!', NULL, '2025-04-14 17:33:55', '2025-04-14 17:33:55'),
(915, 14, 164, 'Haram banget ini sih haha', NULL, '2025-04-14 17:33:55', '2025-04-14 17:33:55'),
(916, 16, 164, 'Gue save dulu ya', NULL, '2025-04-14 17:33:55', '2025-04-14 17:33:55'),
(917, 17, 164, 'Ini beneran terjadi?', NULL, '2025-04-14 17:33:55', '2025-04-14 17:33:55'),
(918, 18, 164, 'Ini beneran terjadi?', NULL, '2025-04-14 17:33:55', '2025-04-14 17:33:55'),
(919, 6, 165, 'Gue save dulu ya', NULL, '2025-04-14 17:33:55', '2025-04-14 17:33:55'),
(920, 15, 165, 'Ini mah udah level dewa', NULL, '2025-04-14 17:33:55', '2025-04-14 17:33:55'),
(921, 17, 165, 'Gue save dulu ya', NULL, '2025-04-14 17:33:55', '2025-04-14 17:33:55'),
(922, 18, 165, 'Astagfirullah ngakak', NULL, '2025-04-14 17:33:55', '2025-04-14 17:33:55'),
(923, 20, 165, 'Tag temen lo!', NULL, '2025-04-14 17:33:55', '2025-04-14 17:33:55'),
(924, 1, 166, 'Aing ngakak asli ðŸ˜‚', NULL, '2025-04-14 17:33:55', '2025-04-14 17:33:55'),
(925, 3, 166, 'Ini beneran terjadi?', NULL, '2025-04-14 17:33:55', '2025-04-14 17:33:55'),
(926, 6, 166, 'Haram banget ini sih haha', NULL, '2025-04-14 17:33:55', '2025-04-14 17:33:55'),
(927, 21, 166, 'Ini beneran terjadi?', NULL, '2025-04-14 17:33:55', '2025-04-14 17:33:55'),
(928, 2, 167, 'Gue save dulu ya', NULL, '2025-04-14 17:33:55', '2025-04-14 17:33:55'),
(929, 4, 167, 'Aing ngakak asli ðŸ˜‚', NULL, '2025-04-14 17:33:55', '2025-04-14 17:33:55'),
(930, 15, 167, 'Kocak banget ini wkwkwk', NULL, '2025-04-14 17:33:55', '2025-04-14 17:33:55'),
(931, 17, 167, 'Gue save dulu ya', NULL, '2025-04-14 17:33:55', '2025-04-14 17:33:55'),
(932, 3, 168, 'Haram banget ini sih haha', NULL, '2025-04-14 17:33:55', '2025-04-14 17:33:55'),
(933, 12, 168, 'Gue save dulu ya', NULL, '2025-04-14 17:33:55', '2025-04-14 17:33:55'),
(934, 13, 168, 'Wkwkwk parah!', NULL, '2025-04-14 17:33:55', '2025-04-14 17:33:55'),
(935, 14, 168, 'Aing ngakak asli ðŸ˜‚', NULL, '2025-04-14 17:33:55', '2025-04-14 17:33:55'),
(936, 21, 168, 'Ini mah udah level dewa', NULL, '2025-04-14 17:33:55', '2025-04-14 17:33:55'),
(937, 2, 169, 'Kocak banget ini wkwkwk', NULL, '2025-04-14 17:33:55', '2025-04-14 17:33:55'),
(938, 5, 169, 'Ini beneran terjadi?', NULL, '2025-04-14 17:33:55', '2025-04-14 17:33:55'),
(939, 15, 169, 'Tolong ini lucu beneran!', NULL, '2025-04-14 17:33:55', '2025-04-14 17:33:55'),
(940, 1, 170, 'Ini beneran terjadi?', NULL, '2025-04-14 17:33:55', '2025-04-14 17:33:55'),
(941, 4, 170, 'Ini beneran terjadi?', NULL, '2025-04-14 17:33:55', '2025-04-14 17:33:55'),
(942, 7, 170, 'Kocak banget ini wkwkwk', NULL, '2025-04-14 17:33:55', '2025-04-14 17:33:55'),
(943, 11, 170, 'Tag temen lo!', NULL, '2025-04-14 17:33:55', '2025-04-14 17:33:55'),
(944, 13, 170, 'Kocak banget ini wkwkwk', NULL, '2025-04-14 17:33:55', '2025-04-14 17:33:55'),
(945, 14, 170, 'Tolong ini lucu beneran!', NULL, '2025-04-14 17:33:55', '2025-04-14 17:33:55'),
(946, 15, 170, 'Ini mah udah level dewa', NULL, '2025-04-14 17:33:55', '2025-04-14 17:33:55'),
(947, 3, 171, 'Tag temen lo!', NULL, '2025-04-14 17:33:55', '2025-04-14 17:33:55'),
(948, 14, 171, 'Wkwkwk parah!', NULL, '2025-04-14 17:33:55', '2025-04-14 17:33:55'),
(949, 21, 171, 'Tolong ini lucu beneran!', NULL, '2025-04-14 17:33:55', '2025-04-14 17:33:55'),
(950, 11, 172, 'Aing ngakak asli ðŸ˜‚', NULL, '2025-04-14 17:33:55', '2025-04-14 17:33:55'),
(951, 12, 172, 'Aing ngakak asli ðŸ˜‚', NULL, '2025-04-14 17:33:55', '2025-04-14 17:33:55'),
(952, 13, 172, 'Kocak banget ini wkwkwk', NULL, '2025-04-14 17:33:55', '2025-04-14 17:33:55'),
(953, 14, 172, 'Tolong ini lucu beneran!', NULL, '2025-04-14 17:33:55', '2025-04-14 17:33:55'),
(954, 17, 172, 'Haram banget ini sih haha', NULL, '2025-04-14 17:33:55', '2025-04-14 17:33:55'),
(955, 20, 172, 'Wkwkwk parah!', NULL, '2025-04-14 17:33:55', '2025-04-14 17:33:55'),
(956, 1, 173, 'Haram banget ini sih haha', NULL, '2025-04-14 17:33:56', '2025-04-14 17:33:56'),
(957, 3, 173, 'Tag temen lo!', NULL, '2025-04-14 17:33:56', '2025-04-14 17:33:56'),
(958, 4, 173, 'Astagfirullah ngakak', NULL, '2025-04-14 17:33:56', '2025-04-14 17:33:56'),
(959, 7, 173, 'Astagfirullah ngakak', NULL, '2025-04-14 17:33:56', '2025-04-14 17:33:56'),
(960, 13, 173, 'Tag temen lo!', NULL, '2025-04-14 17:33:56', '2025-04-14 17:33:56'),
(961, 19, 173, 'Astagfirullah ngakak', NULL, '2025-04-14 17:33:56', '2025-04-14 17:33:56'),
(962, 20, 173, 'Ini beneran terjadi?', NULL, '2025-04-14 17:33:56', '2025-04-14 17:33:56'),
(963, 12, 174, 'Ini beneran terjadi?', NULL, '2025-04-14 17:33:56', '2025-04-14 17:33:56'),
(964, 18, 174, 'Kocak banget ini wkwkwk', NULL, '2025-04-14 17:33:56', '2025-04-14 17:33:56'),
(965, 19, 174, 'Tag temen lo!', NULL, '2025-04-14 17:33:56', '2025-04-14 17:33:56'),
(966, 7, 175, 'Kocak banget ini wkwkwk', NULL, '2025-04-14 17:33:56', '2025-04-14 17:33:56'),
(967, 15, 175, 'Tolong ini lucu beneran!', NULL, '2025-04-14 17:33:56', '2025-04-14 17:33:56'),
(968, 18, 175, 'Tolong ini lucu beneran!', NULL, '2025-04-14 17:33:56', '2025-04-14 17:33:56'),
(969, 21, 175, 'Aing ngakak asli ðŸ˜‚', NULL, '2025-04-14 17:33:56', '2025-04-14 17:33:56'),
(970, 5, 176, 'Tolong ini lucu beneran!', NULL, '2025-04-14 17:33:56', '2025-04-14 17:33:56'),
(971, 7, 176, 'Gue save dulu ya', NULL, '2025-04-14 17:33:56', '2025-04-14 17:33:56'),
(972, 14, 176, 'Gue save dulu ya', NULL, '2025-04-14 17:33:56', '2025-04-14 17:33:56'),
(973, 16, 176, 'Ini beneran terjadi?', NULL, '2025-04-14 17:33:56', '2025-04-14 17:33:56'),
(974, 20, 176, 'Kocak banget ini wkwkwk', NULL, '2025-04-14 17:33:56', '2025-04-14 17:33:56'),
(975, 3, 177, 'Ini beneran terjadi?', NULL, '2025-04-14 17:33:56', '2025-04-14 17:33:56'),
(976, 5, 177, 'Wkwkwk parah!', NULL, '2025-04-14 17:33:56', '2025-04-14 17:33:56'),
(977, 7, 177, 'Gue save dulu ya', NULL, '2025-04-14 17:33:56', '2025-04-14 17:33:56'),
(978, 15, 177, 'Kocak banget ini wkwkwk', NULL, '2025-04-14 17:33:56', '2025-04-14 17:33:56'),
(979, 16, 177, 'Ini beneran terjadi?', NULL, '2025-04-14 17:33:56', '2025-04-14 17:33:56'),
(980, 18, 177, 'Ini mah udah level dewa', NULL, '2025-04-14 17:33:56', '2025-04-14 17:33:56'),
(981, 19, 177, 'Ini beneran terjadi?', NULL, '2025-04-14 17:33:56', '2025-04-14 17:33:56'),
(982, 3, 178, 'Ini beneran terjadi?', NULL, '2025-04-14 17:33:56', '2025-04-14 17:33:56'),
(983, 13, 178, 'Aing ngakak asli ðŸ˜‚', NULL, '2025-04-14 17:33:56', '2025-04-14 17:33:56'),
(984, 19, 178, 'Kocak banget ini wkwkwk', NULL, '2025-04-14 17:33:56', '2025-04-14 17:33:56'),
(985, 7, 179, 'Astagfirullah ngakak', NULL, '2025-04-14 17:33:56', '2025-04-14 17:33:56'),
(986, 12, 179, 'Gue save dulu ya', NULL, '2025-04-14 17:33:56', '2025-04-14 17:33:56'),
(987, 13, 179, 'Gue save dulu ya', NULL, '2025-04-14 17:33:56', '2025-04-14 17:33:56'),
(988, 14, 179, 'Gue save dulu ya', NULL, '2025-04-14 17:33:56', '2025-04-14 17:33:56'),
(989, 16, 179, 'Tolong ini lucu beneran!', NULL, '2025-04-14 17:33:56', '2025-04-14 17:33:56'),
(990, 17, 179, 'Ini mah udah level dewa', NULL, '2025-04-14 17:33:56', '2025-04-14 17:33:56'),
(991, 18, 179, 'Tolong ini lucu beneran!', NULL, '2025-04-14 17:33:56', '2025-04-14 17:33:56'),
(992, 2, 180, 'Ini beneran terjadi?', NULL, '2025-04-14 17:33:56', '2025-04-14 17:33:56'),
(993, 4, 180, 'Tolong ini lucu beneran!', NULL, '2025-04-14 17:33:56', '2025-04-14 17:33:56'),
(994, 5, 180, 'Aing ngakak asli ðŸ˜‚', NULL, '2025-04-14 17:33:56', '2025-04-14 17:33:56'),
(995, 12, 180, 'Gue save dulu ya', NULL, '2025-04-14 17:33:56', '2025-04-14 17:33:56'),
(996, 18, 180, 'Gue save dulu ya', NULL, '2025-04-14 17:33:56', '2025-04-14 17:33:56'),
(997, 20, 180, 'Wkwkwk parah!', NULL, '2025-04-14 17:33:56', '2025-04-14 17:33:56'),
(998, 21, 180, 'Gue save dulu ya', NULL, '2025-04-14 17:33:56', '2025-04-14 17:33:56'),
(999, 3, 181, 'Gue save dulu ya', NULL, '2025-04-14 17:33:56', '2025-04-14 17:33:56'),
(1000, 5, 181, 'Wkwkwk parah!', NULL, '2025-04-14 17:33:56', '2025-04-14 17:33:56'),
(1001, 6, 181, 'Tolong ini lucu beneran!', NULL, '2025-04-14 17:33:56', '2025-04-14 17:33:56'),
(1002, 11, 181, 'Aing ngakak asli ðŸ˜‚', NULL, '2025-04-14 17:33:56', '2025-04-14 17:33:56'),
(1003, 1, 182, 'Ini mah udah level dewa', NULL, '2025-04-14 17:33:56', '2025-04-14 17:33:56'),
(1004, 7, 182, 'Aing ngakak asli ðŸ˜‚', NULL, '2025-04-14 17:33:56', '2025-04-14 17:33:56'),
(1005, 19, 182, 'Ini beneran terjadi?', NULL, '2025-04-14 17:33:56', '2025-04-14 17:33:56'),
(1006, 21, 182, 'Kocak banget ini wkwkwk', NULL, '2025-04-14 17:33:56', '2025-04-14 17:33:56'),
(1007, 1, 183, 'Ini beneran terjadi?', NULL, '2025-04-14 17:33:56', '2025-04-14 17:33:56'),
(1008, 2, 183, 'Ini mah udah level dewa', NULL, '2025-04-14 17:33:56', '2025-04-14 17:33:56'),
(1009, 4, 183, 'Wkwkwk parah!', NULL, '2025-04-14 17:33:56', '2025-04-14 17:33:56'),
(1010, 16, 183, 'Tag temen lo!', NULL, '2025-04-14 17:33:56', '2025-04-14 17:33:56'),
(1011, 18, 183, 'Kocak banget ini wkwkwk', NULL, '2025-04-14 17:33:56', '2025-04-14 17:33:56'),
(1012, 19, 183, 'Wkwkwk parah!', NULL, '2025-04-14 17:33:56', '2025-04-14 17:33:56');

-- --------------------------------------------------------

--
-- Table structure for table `failed_jobs`
--

CREATE TABLE `failed_jobs` (
  `id` bigint UNSIGNED NOT NULL,
  `uuid` varchar(255) COLLATE utf8mb4_unicode_ci NOT NULL,
  `connection` text COLLATE utf8mb4_unicode_ci NOT NULL,
  `queue` text COLLATE utf8mb4_unicode_ci NOT NULL,
  `payload` longtext COLLATE utf8mb4_unicode_ci NOT NULL,
  `exception` longtext COLLATE utf8mb4_unicode_ci NOT NULL,
  `failed_at` timestamp NOT NULL DEFAULT CURRENT_TIMESTAMP
) ENGINE=InnoDB DEFAULT CHARSET=utf8mb4 COLLATE=utf8mb4_unicode_ci;

-- --------------------------------------------------------

--
-- Table structure for table `followers`
--

CREATE TABLE `followers` (
  `id` bigint UNSIGNED NOT NULL,
  `follower_id` bigint UNSIGNED NOT NULL,
  `followed_id` bigint UNSIGNED NOT NULL,
  `created_at` timestamp NULL DEFAULT NULL,
  `updated_at` timestamp NULL DEFAULT NULL
) ENGINE=InnoDB DEFAULT CHARSET=utf8mb4 COLLATE=utf8mb4_unicode_ci;

--
-- Dumping data for table `followers`
--

INSERT INTO `followers` (`id`, `follower_id`, `followed_id`, `created_at`, `updated_at`) VALUES
(1, 2, 1, '2025-04-14 07:40:18', '2025-04-14 07:40:18'),
(3, 3, 1, NULL, NULL),
(4, 3, 2, NULL, NULL),
(6, 2, 4, NULL, NULL),
(8, 4, 3, NULL, NULL),
(11, 2, 3, NULL, NULL),
(12, 4, 2, NULL, NULL),
(13, 5, 1, NULL, NULL),
(14, 5, 2, NULL, NULL),
(15, 5, 3, NULL, NULL),
(16, 5, 4, NULL, NULL);

-- --------------------------------------------------------

--
-- Table structure for table `follows`
--

CREATE TABLE `follows` (
  `id` bigint UNSIGNED NOT NULL,
  `follower_id` bigint UNSIGNED NOT NULL,
  `followed_id` bigint UNSIGNED NOT NULL,
  `created_at` timestamp NULL DEFAULT NULL,
  `updated_at` timestamp NULL DEFAULT NULL
) ENGINE=InnoDB DEFAULT CHARSET=utf8mb4 COLLATE=utf8mb4_unicode_ci;

-- --------------------------------------------------------

--
-- Table structure for table `jobs`
--

CREATE TABLE `jobs` (
  `id` bigint UNSIGNED NOT NULL,
  `queue` varchar(255) COLLATE utf8mb4_unicode_ci NOT NULL,
  `payload` longtext COLLATE utf8mb4_unicode_ci NOT NULL,
  `attempts` tinyint UNSIGNED NOT NULL,
  `reserved_at` int UNSIGNED DEFAULT NULL,
  `available_at` int UNSIGNED NOT NULL,
  `created_at` int UNSIGNED NOT NULL
) ENGINE=InnoDB DEFAULT CHARSET=utf8mb4 COLLATE=utf8mb4_unicode_ci;

-- --------------------------------------------------------

--
-- Table structure for table `job_batches`
--

CREATE TABLE `job_batches` (
  `id` varchar(255) COLLATE utf8mb4_unicode_ci NOT NULL,
  `name` varchar(255) COLLATE utf8mb4_unicode_ci NOT NULL,
  `total_jobs` int NOT NULL,
  `pending_jobs` int NOT NULL,
  `failed_jobs` int NOT NULL,
  `failed_job_ids` longtext COLLATE utf8mb4_unicode_ci NOT NULL,
  `options` mediumtext COLLATE utf8mb4_unicode_ci,
  `cancelled_at` int DEFAULT NULL,
  `created_at` int NOT NULL,
  `finished_at` int DEFAULT NULL
) ENGINE=InnoDB DEFAULT CHARSET=utf8mb4 COLLATE=utf8mb4_unicode_ci;

-- --------------------------------------------------------

--
-- Table structure for table `likes`
--

CREATE TABLE `likes` (
  `id` bigint UNSIGNED NOT NULL,
  `user_id` bigint UNSIGNED NOT NULL,
  `media_post_id` bigint UNSIGNED NOT NULL,
  `created_at` timestamp NULL DEFAULT NULL,
  `updated_at` timestamp NULL DEFAULT NULL
) ENGINE=InnoDB DEFAULT CHARSET=utf8mb4 COLLATE=utf8mb4_unicode_ci;

--
-- Dumping data for table `likes`
--

INSERT INTO `likes` (`id`, `user_id`, `media_post_id`, `created_at`, `updated_at`) VALUES
(7, 1, 5, '2025-04-14 02:01:55', '2025-04-14 02:01:55'),
(18, 2, 7, '2025-04-14 02:16:59', '2025-04-14 02:16:59'),
(21, 1, 6, '2025-04-14 02:18:18', '2025-04-14 02:18:18'),
(28, 1, 3, '2025-04-14 02:33:55', '2025-04-14 02:33:55'),
(29, 1, 4, '2025-04-14 02:33:57', '2025-04-14 02:33:57'),
(30, 1, 2, '2025-04-14 02:33:59', '2025-04-14 02:33:59'),
(31, 1, 1, '2025-04-14 02:34:00', '2025-04-14 02:34:00'),
(33, 1, 7, '2025-04-14 03:15:06', '2025-04-14 03:15:06'),
(35, 2, 6, '2025-04-14 03:19:44', '2025-04-14 03:19:44'),
(832, 2, 133, '2025-04-14 17:33:55', '2025-04-14 17:33:55'),
(833, 5, 133, '2025-04-14 17:33:55', '2025-04-14 17:33:55'),
(834, 7, 133, '2025-04-14 17:33:55', '2025-04-14 17:33:55'),
(835, 15, 133, '2025-04-14 17:33:55', '2025-04-14 17:33:55'),
(836, 16, 133, '2025-04-14 17:33:55', '2025-04-14 17:33:55'),
(837, 17, 133, '2025-04-14 17:33:55', '2025-04-14 17:33:55'),
(838, 19, 133, '2025-04-14 17:33:55', '2025-04-14 17:33:55'),
(839, 5, 134, '2025-04-14 17:33:55', '2025-04-14 17:33:55'),
(840, 15, 134, '2025-04-14 17:33:55', '2025-04-14 17:33:55'),
(841, 17, 134, '2025-04-14 17:33:55', '2025-04-14 17:33:55'),
(842, 18, 134, '2025-04-14 17:33:55', '2025-04-14 17:33:55'),
(843, 19, 134, '2025-04-14 17:33:55', '2025-04-14 17:33:55'),
(844, 5, 135, '2025-04-14 17:33:55', '2025-04-14 17:33:55'),
(845, 7, 135, '2025-04-14 17:33:55', '2025-04-14 17:33:55'),
(846, 11, 135, '2025-04-14 17:33:55', '2025-04-14 17:33:55'),
(847, 15, 135, '2025-04-14 17:33:55', '2025-04-14 17:33:55'),
(848, 16, 135, '2025-04-14 17:33:55', '2025-04-14 17:33:55'),
(849, 18, 135, '2025-04-14 17:33:55', '2025-04-14 17:33:55'),
(850, 19, 135, '2025-04-14 17:33:55', '2025-04-14 17:33:55'),
(851, 20, 135, '2025-04-14 17:33:55', '2025-04-14 17:33:55'),
(852, 21, 135, '2025-04-14 17:33:55', '2025-04-14 17:33:55'),
(853, 3, 136, '2025-04-14 17:33:55', '2025-04-14 17:33:55'),
(854, 5, 136, '2025-04-14 17:33:55', '2025-04-14 17:33:55'),
(855, 16, 136, '2025-04-14 17:33:55', '2025-04-14 17:33:55'),
(856, 18, 136, '2025-04-14 17:33:55', '2025-04-14 17:33:55'),
(857, 20, 136, '2025-04-14 17:33:55', '2025-04-14 17:33:55'),
(858, 2, 137, '2025-04-14 17:33:55', '2025-04-14 17:33:55'),
(859, 3, 137, '2025-04-14 17:33:55', '2025-04-14 17:33:55'),
(860, 11, 137, '2025-04-14 17:33:55', '2025-04-14 17:33:55'),
(861, 13, 137, '2025-04-14 17:33:55', '2025-04-14 17:33:55'),
(862, 14, 137, '2025-04-14 17:33:55', '2025-04-14 17:33:55'),
(863, 17, 137, '2025-04-14 17:33:55', '2025-04-14 17:33:55'),
(864, 3, 138, '2025-04-14 17:33:55', '2025-04-14 17:33:55'),
(865, 4, 138, '2025-04-14 17:33:55', '2025-04-14 17:33:55'),
(866, 5, 138, '2025-04-14 17:33:55', '2025-04-14 17:33:55'),
(867, 21, 138, '2025-04-14 17:33:55', '2025-04-14 17:33:55'),
(868, 1, 139, '2025-04-14 17:33:55', '2025-04-14 17:33:55'),
(869, 4, 139, '2025-04-14 17:33:55', '2025-04-14 17:33:55'),
(870, 6, 139, '2025-04-14 17:33:55', '2025-04-14 17:33:55'),
(871, 7, 139, '2025-04-14 17:33:55', '2025-04-14 17:33:55'),
(872, 11, 139, '2025-04-14 17:33:55', '2025-04-14 17:33:55'),
(873, 12, 139, '2025-04-14 17:33:55', '2025-04-14 17:33:55'),
(874, 15, 139, '2025-04-14 17:33:55', '2025-04-14 17:33:55'),
(875, 18, 139, '2025-04-14 17:33:55', '2025-04-14 17:33:55'),
(876, 3, 140, '2025-04-14 17:33:55', '2025-04-14 17:33:55'),
(877, 14, 140, '2025-04-14 17:33:55', '2025-04-14 17:33:55'),
(878, 16, 140, '2025-04-14 17:33:55', '2025-04-14 17:33:55'),
(879, 20, 140, '2025-04-14 17:33:55', '2025-04-14 17:33:55'),
(880, 7, 141, '2025-04-14 17:33:55', '2025-04-14 17:33:55'),
(881, 12, 141, '2025-04-14 17:33:55', '2025-04-14 17:33:55'),
(882, 13, 141, '2025-04-14 17:33:55', '2025-04-14 17:33:55'),
(883, 16, 141, '2025-04-14 17:33:55', '2025-04-14 17:33:55'),
(884, 17, 141, '2025-04-14 17:33:55', '2025-04-14 17:33:55'),
(885, 20, 141, '2025-04-14 17:33:55', '2025-04-14 17:33:55'),
(886, 2, 142, '2025-04-14 17:33:55', '2025-04-14 17:33:55'),
(887, 3, 142, '2025-04-14 17:33:55', '2025-04-14 17:33:55'),
(888, 5, 142, '2025-04-14 17:33:55', '2025-04-14 17:33:55'),
(889, 7, 142, '2025-04-14 17:33:55', '2025-04-14 17:33:55'),
(890, 11, 142, '2025-04-14 17:33:55', '2025-04-14 17:33:55'),
(891, 14, 142, '2025-04-14 17:33:55', '2025-04-14 17:33:55'),
(892, 16, 142, '2025-04-14 17:33:55', '2025-04-14 17:33:55'),
(893, 20, 142, '2025-04-14 17:33:55', '2025-04-14 17:33:55'),
(894, 2, 143, '2025-04-14 17:33:55', '2025-04-14 17:33:55'),
(895, 3, 143, '2025-04-14 17:33:55', '2025-04-14 17:33:55'),
(896, 5, 143, '2025-04-14 17:33:55', '2025-04-14 17:33:55'),
(897, 6, 143, '2025-04-14 17:33:55', '2025-04-14 17:33:55'),
(898, 11, 143, '2025-04-14 17:33:55', '2025-04-14 17:33:55'),
(899, 16, 143, '2025-04-14 17:33:55', '2025-04-14 17:33:55'),
(900, 19, 143, '2025-04-14 17:33:55', '2025-04-14 17:33:55'),
(901, 21, 143, '2025-04-14 17:33:55', '2025-04-14 17:33:55'),
(902, 1, 144, '2025-04-14 17:33:55', '2025-04-14 17:33:55'),
(903, 5, 144, '2025-04-14 17:33:55', '2025-04-14 17:33:55'),
(904, 6, 144, '2025-04-14 17:33:55', '2025-04-14 17:33:55'),
(905, 13, 144, '2025-04-14 17:33:55', '2025-04-14 17:33:55'),
(906, 15, 144, '2025-04-14 17:33:55', '2025-04-14 17:33:55'),
(907, 17, 144, '2025-04-14 17:33:55', '2025-04-14 17:33:55'),
(908, 18, 144, '2025-04-14 17:33:55', '2025-04-14 17:33:55'),
(909, 19, 144, '2025-04-14 17:33:55', '2025-04-14 17:33:55'),
(910, 1, 145, '2025-04-14 17:33:55', '2025-04-14 17:33:55'),
(911, 2, 145, '2025-04-14 17:33:55', '2025-04-14 17:33:55'),
(912, 3, 145, '2025-04-14 17:33:55', '2025-04-14 17:33:55'),
(913, 4, 145, '2025-04-14 17:33:55', '2025-04-14 17:33:55'),
(914, 12, 145, '2025-04-14 17:33:55', '2025-04-14 17:33:55'),
(915, 15, 145, '2025-04-14 17:33:55', '2025-04-14 17:33:55'),
(916, 16, 145, '2025-04-14 17:33:55', '2025-04-14 17:33:55'),
(917, 19, 145, '2025-04-14 17:33:55', '2025-04-14 17:33:55'),
(918, 21, 145, '2025-04-14 17:33:55', '2025-04-14 17:33:55'),
(919, 2, 146, '2025-04-14 17:33:55', '2025-04-14 17:33:55'),
(920, 3, 146, '2025-04-14 17:33:55', '2025-04-14 17:33:55'),
(921, 4, 146, '2025-04-14 17:33:55', '2025-04-14 17:33:55'),
(922, 6, 146, '2025-04-14 17:33:55', '2025-04-14 17:33:55'),
(923, 11, 146, '2025-04-14 17:33:55', '2025-04-14 17:33:55'),
(924, 17, 146, '2025-04-14 17:33:55', '2025-04-14 17:33:55'),
(925, 20, 146, '2025-04-14 17:33:55', '2025-04-14 17:33:55'),
(926, 21, 146, '2025-04-14 17:33:55', '2025-04-14 17:33:55'),
(927, 2, 147, '2025-04-14 17:33:55', '2025-04-14 17:33:55'),
(928, 3, 147, '2025-04-14 17:33:55', '2025-04-14 17:33:55'),
(929, 13, 147, '2025-04-14 17:33:55', '2025-04-14 17:33:55'),
(930, 14, 147, '2025-04-14 17:33:55', '2025-04-14 17:33:55'),
(931, 16, 147, '2025-04-14 17:33:55', '2025-04-14 17:33:55'),
(932, 17, 147, '2025-04-14 17:33:55', '2025-04-14 17:33:55'),
(933, 18, 147, '2025-04-14 17:33:55', '2025-04-14 17:33:55'),
(934, 20, 147, '2025-04-14 17:33:55', '2025-04-14 17:33:55'),
(935, 21, 147, '2025-04-14 17:33:55', '2025-04-14 17:33:55'),
(936, 6, 148, '2025-04-14 17:33:55', '2025-04-14 17:33:55'),
(937, 13, 148, '2025-04-14 17:33:55', '2025-04-14 17:33:55'),
(938, 14, 148, '2025-04-14 17:33:55', '2025-04-14 17:33:55'),
(939, 15, 148, '2025-04-14 17:33:55', '2025-04-14 17:33:55'),
(940, 1, 149, '2025-04-14 17:33:55', '2025-04-14 17:33:55'),
(941, 4, 149, '2025-04-14 17:33:55', '2025-04-14 17:33:55'),
(942, 12, 149, '2025-04-14 17:33:55', '2025-04-14 17:33:55'),
(943, 13, 149, '2025-04-14 17:33:55', '2025-04-14 17:33:55'),
(944, 4, 150, '2025-04-14 17:33:55', '2025-04-14 17:33:55'),
(945, 6, 150, '2025-04-14 17:33:55', '2025-04-14 17:33:55'),
(946, 12, 150, '2025-04-14 17:33:55', '2025-04-14 17:33:55'),
(947, 1, 151, '2025-04-14 17:33:55', '2025-04-14 17:33:55'),
(948, 3, 151, '2025-04-14 17:33:55', '2025-04-14 17:33:55'),
(949, 7, 151, '2025-04-14 17:33:55', '2025-04-14 17:33:55'),
(950, 15, 151, '2025-04-14 17:33:55', '2025-04-14 17:33:55'),
(951, 16, 151, '2025-04-14 17:33:55', '2025-04-14 17:33:55'),
(952, 18, 151, '2025-04-14 17:33:55', '2025-04-14 17:33:55'),
(953, 4, 152, '2025-04-14 17:33:55', '2025-04-14 17:33:55'),
(954, 5, 152, '2025-04-14 17:33:55', '2025-04-14 17:33:55'),
(955, 12, 152, '2025-04-14 17:33:55', '2025-04-14 17:33:55'),
(956, 14, 152, '2025-04-14 17:33:55', '2025-04-14 17:33:55'),
(957, 16, 152, '2025-04-14 17:33:55', '2025-04-14 17:33:55'),
(958, 18, 152, '2025-04-14 17:33:55', '2025-04-14 17:33:55'),
(959, 19, 152, '2025-04-14 17:33:55', '2025-04-14 17:33:55'),
(960, 5, 153, '2025-04-14 17:33:55', '2025-04-14 17:33:55'),
(961, 6, 153, '2025-04-14 17:33:55', '2025-04-14 17:33:55'),
(962, 7, 153, '2025-04-14 17:33:55', '2025-04-14 17:33:55'),
(963, 12, 153, '2025-04-14 17:33:55', '2025-04-14 17:33:55'),
(964, 14, 153, '2025-04-14 17:33:55', '2025-04-14 17:33:55'),
(965, 15, 153, '2025-04-14 17:33:55', '2025-04-14 17:33:55'),
(966, 16, 153, '2025-04-14 17:33:55', '2025-04-14 17:33:55'),
(967, 21, 153, '2025-04-14 17:33:55', '2025-04-14 17:33:55'),
(968, 4, 154, '2025-04-14 17:33:55', '2025-04-14 17:33:55'),
(969, 5, 154, '2025-04-14 17:33:55', '2025-04-14 17:33:55'),
(970, 11, 154, '2025-04-14 17:33:55', '2025-04-14 17:33:55'),
(971, 12, 154, '2025-04-14 17:33:55', '2025-04-14 17:33:55'),
(972, 13, 154, '2025-04-14 17:33:55', '2025-04-14 17:33:55'),
(973, 19, 154, '2025-04-14 17:33:55', '2025-04-14 17:33:55'),
(974, 20, 154, '2025-04-14 17:33:55', '2025-04-14 17:33:55'),
(975, 2, 155, '2025-04-14 17:33:55', '2025-04-14 17:33:55'),
(976, 5, 155, '2025-04-14 17:33:55', '2025-04-14 17:33:55'),
(977, 7, 155, '2025-04-14 17:33:55', '2025-04-14 17:33:55'),
(978, 21, 155, '2025-04-14 17:33:55', '2025-04-14 17:33:55'),
(979, 1, 156, '2025-04-14 17:33:55', '2025-04-14 17:33:55'),
(980, 5, 156, '2025-04-14 17:33:55', '2025-04-14 17:33:55'),
(981, 11, 156, '2025-04-14 17:33:55', '2025-04-14 17:33:55'),
(982, 14, 156, '2025-04-14 17:33:55', '2025-04-14 17:33:55'),
(983, 1, 157, '2025-04-14 17:33:55', '2025-04-14 17:33:55'),
(984, 2, 157, '2025-04-14 17:33:55', '2025-04-14 17:33:55'),
(985, 3, 157, '2025-04-14 17:33:55', '2025-04-14 17:33:55'),
(986, 12, 157, '2025-04-14 17:33:55', '2025-04-14 17:33:55'),
(987, 13, 157, '2025-04-14 17:33:55', '2025-04-14 17:33:55'),
(988, 15, 157, '2025-04-14 17:33:55', '2025-04-14 17:33:55'),
(989, 16, 157, '2025-04-14 17:33:55', '2025-04-14 17:33:55'),
(990, 18, 157, '2025-04-14 17:33:55', '2025-04-14 17:33:55'),
(991, 5, 158, '2025-04-14 17:33:55', '2025-04-14 17:33:55'),
(992, 7, 158, '2025-04-14 17:33:55', '2025-04-14 17:33:55'),
(993, 14, 158, '2025-04-14 17:33:55', '2025-04-14 17:33:55'),
(994, 15, 158, '2025-04-14 17:33:55', '2025-04-14 17:33:55'),
(995, 21, 158, '2025-04-14 17:33:55', '2025-04-14 17:33:55'),
(996, 1, 159, '2025-04-14 17:33:55', '2025-04-14 17:33:55'),
(997, 2, 159, '2025-04-14 17:33:55', '2025-04-14 17:33:55'),
(998, 4, 159, '2025-04-14 17:33:55', '2025-04-14 17:33:55'),
(999, 11, 159, '2025-04-14 17:33:55', '2025-04-14 17:33:55'),
(1000, 13, 159, '2025-04-14 17:33:55', '2025-04-14 17:33:55'),
(1001, 14, 159, '2025-04-14 17:33:55', '2025-04-14 17:33:55'),
(1002, 15, 159, '2025-04-14 17:33:55', '2025-04-14 17:33:55'),
(1003, 19, 159, '2025-04-14 17:33:55', '2025-04-14 17:33:55'),
(1004, 20, 159, '2025-04-14 17:33:55', '2025-04-14 17:33:55'),
(1005, 5, 160, '2025-04-14 17:33:55', '2025-04-14 17:33:55'),
(1006, 6, 160, '2025-04-14 17:33:55', '2025-04-14 17:33:55'),
(1007, 12, 160, '2025-04-14 17:33:55', '2025-04-14 17:33:55'),
(1008, 14, 160, '2025-04-14 17:33:55', '2025-04-14 17:33:55'),
(1009, 17, 160, '2025-04-14 17:33:55', '2025-04-14 17:33:55'),
(1010, 18, 160, '2025-04-14 17:33:55', '2025-04-14 17:33:55'),
(1011, 21, 160, '2025-04-14 17:33:55', '2025-04-14 17:33:55'),
(1012, 13, 161, '2025-04-14 17:33:55', '2025-04-14 17:33:55'),
(1013, 15, 161, '2025-04-14 17:33:55', '2025-04-14 17:33:55'),
(1014, 19, 161, '2025-04-14 17:33:55', '2025-04-14 17:33:55'),
(1015, 3, 162, '2025-04-14 17:33:55', '2025-04-14 17:33:55'),
(1016, 4, 162, '2025-04-14 17:33:55', '2025-04-14 17:33:55'),
(1017, 6, 162, '2025-04-14 17:33:55', '2025-04-14 17:33:55'),
(1018, 7, 162, '2025-04-14 17:33:55', '2025-04-14 17:33:55'),
(1019, 13, 162, '2025-04-14 17:33:55', '2025-04-14 17:33:55'),
(1020, 14, 162, '2025-04-14 17:33:55', '2025-04-14 17:33:55'),
(1021, 2, 163, '2025-04-14 17:33:55', '2025-04-14 17:33:55'),
(1022, 3, 163, '2025-04-14 17:33:55', '2025-04-14 17:33:55'),
(1023, 4, 163, '2025-04-14 17:33:55', '2025-04-14 17:33:55'),
(1024, 7, 163, '2025-04-14 17:33:55', '2025-04-14 17:33:55'),
(1025, 11, 163, '2025-04-14 17:33:55', '2025-04-14 17:33:55'),
(1026, 12, 163, '2025-04-14 17:33:55', '2025-04-14 17:33:55'),
(1027, 13, 163, '2025-04-14 17:33:55', '2025-04-14 17:33:55'),
(1028, 15, 163, '2025-04-14 17:33:55', '2025-04-14 17:33:55'),
(1029, 21, 163, '2025-04-14 17:33:55', '2025-04-14 17:33:55'),
(1030, 5, 164, '2025-04-14 17:33:55', '2025-04-14 17:33:55'),
(1031, 6, 164, '2025-04-14 17:33:55', '2025-04-14 17:33:55'),
(1032, 7, 164, '2025-04-14 17:33:55', '2025-04-14 17:33:55'),
(1033, 15, 164, '2025-04-14 17:33:55', '2025-04-14 17:33:55'),
(1034, 18, 164, '2025-04-14 17:33:55', '2025-04-14 17:33:55'),
(1035, 20, 164, '2025-04-14 17:33:55', '2025-04-14 17:33:55'),
(1036, 21, 164, '2025-04-14 17:33:55', '2025-04-14 17:33:55'),
(1037, 2, 165, '2025-04-14 17:33:55', '2025-04-14 17:33:55'),
(1038, 5, 165, '2025-04-14 17:33:55', '2025-04-14 17:33:55'),
(1039, 6, 165, '2025-04-14 17:33:55', '2025-04-14 17:33:55'),
(1040, 11, 165, '2025-04-14 17:33:55', '2025-04-14 17:33:55'),
(1041, 12, 165, '2025-04-14 17:33:55', '2025-04-14 17:33:55'),
(1042, 14, 165, '2025-04-14 17:33:55', '2025-04-14 17:33:55'),
(1043, 15, 165, '2025-04-14 17:33:55', '2025-04-14 17:33:55'),
(1044, 17, 165, '2025-04-14 17:33:55', '2025-04-14 17:33:55'),
(1045, 20, 165, '2025-04-14 17:33:55', '2025-04-14 17:33:55'),
(1046, 1, 166, '2025-04-14 17:33:55', '2025-04-14 17:33:55'),
(1047, 2, 166, '2025-04-14 17:33:55', '2025-04-14 17:33:55'),
(1048, 5, 166, '2025-04-14 17:33:55', '2025-04-14 17:33:55'),
(1049, 11, 166, '2025-04-14 17:33:55', '2025-04-14 17:33:55'),
(1050, 12, 166, '2025-04-14 17:33:55', '2025-04-14 17:33:55'),
(1051, 13, 166, '2025-04-14 17:33:55', '2025-04-14 17:33:55'),
(1052, 14, 166, '2025-04-14 17:33:55', '2025-04-14 17:33:55'),
(1053, 19, 166, '2025-04-14 17:33:55', '2025-04-14 17:33:55'),
(1054, 20, 166, '2025-04-14 17:33:55', '2025-04-14 17:33:55'),
(1055, 21, 166, '2025-04-14 17:33:55', '2025-04-14 17:33:55'),
(1056, 1, 167, '2025-04-14 17:33:55', '2025-04-14 17:33:55'),
(1057, 2, 167, '2025-04-14 17:33:55', '2025-04-14 17:33:55'),
(1058, 12, 167, '2025-04-14 17:33:55', '2025-04-14 17:33:55'),
(1059, 16, 167, '2025-04-14 17:33:55', '2025-04-14 17:33:55'),
(1060, 17, 167, '2025-04-14 17:33:55', '2025-04-14 17:33:55'),
(1061, 11, 168, '2025-04-14 17:33:55', '2025-04-14 17:33:55'),
(1062, 18, 168, '2025-04-14 17:33:55', '2025-04-14 17:33:55'),
(1063, 19, 168, '2025-04-14 17:33:55', '2025-04-14 17:33:55'),
(1064, 20, 168, '2025-04-14 17:33:55', '2025-04-14 17:33:55'),
(1065, 7, 169, '2025-04-14 17:33:55', '2025-04-14 17:33:55'),
(1066, 18, 169, '2025-04-14 17:33:55', '2025-04-14 17:33:55'),
(1067, 19, 169, '2025-04-14 17:33:55', '2025-04-14 17:33:55'),
(1068, 1, 170, '2025-04-14 17:33:55', '2025-04-14 17:33:55'),
(1069, 3, 170, '2025-04-14 17:33:55', '2025-04-14 17:33:55'),
(1070, 4, 170, '2025-04-14 17:33:55', '2025-04-14 17:33:55'),
(1071, 6, 170, '2025-04-14 17:33:55', '2025-04-14 17:33:55'),
(1072, 11, 170, '2025-04-14 17:33:55', '2025-04-14 17:33:55'),
(1073, 13, 170, '2025-04-14 17:33:55', '2025-04-14 17:33:55'),
(1074, 14, 170, '2025-04-14 17:33:55', '2025-04-14 17:33:55'),
(1075, 16, 170, '2025-04-14 17:33:55', '2025-04-14 17:33:55'),
(1076, 19, 170, '2025-04-14 17:33:55', '2025-04-14 17:33:55'),
(1077, 21, 170, '2025-04-14 17:33:55', '2025-04-14 17:33:55'),
(1078, 5, 171, '2025-04-14 17:33:55', '2025-04-14 17:33:55'),
(1079, 6, 171, '2025-04-14 17:33:55', '2025-04-14 17:33:55'),
(1080, 11, 171, '2025-04-14 17:33:55', '2025-04-14 17:33:55'),
(1081, 15, 171, '2025-04-14 17:33:55', '2025-04-14 17:33:55'),
(1082, 18, 171, '2025-04-14 17:33:55', '2025-04-14 17:33:55'),
(1083, 2, 172, '2025-04-14 17:33:55', '2025-04-14 17:33:55'),
(1084, 6, 172, '2025-04-14 17:33:55', '2025-04-14 17:33:55'),
(1085, 7, 172, '2025-04-14 17:33:55', '2025-04-14 17:33:55'),
(1086, 11, 172, '2025-04-14 17:33:55', '2025-04-14 17:33:55'),
(1087, 18, 172, '2025-04-14 17:33:55', '2025-04-14 17:33:55'),
(1088, 19, 172, '2025-04-14 17:33:55', '2025-04-14 17:33:55'),
(1089, 2, 173, '2025-04-14 17:33:55', '2025-04-14 17:33:55'),
(1090, 3, 173, '2025-04-14 17:33:55', '2025-04-14 17:33:55'),
(1091, 4, 173, '2025-04-14 17:33:55', '2025-04-14 17:33:55'),
(1092, 16, 173, '2025-04-14 17:33:55', '2025-04-14 17:33:55'),
(1093, 17, 173, '2025-04-14 17:33:56', '2025-04-14 17:33:56'),
(1094, 20, 173, '2025-04-14 17:33:56', '2025-04-14 17:33:56'),
(1095, 21, 173, '2025-04-14 17:33:56', '2025-04-14 17:33:56'),
(1096, 1, 174, '2025-04-14 17:33:56', '2025-04-14 17:33:56'),
(1097, 2, 174, '2025-04-14 17:33:56', '2025-04-14 17:33:56'),
(1098, 3, 174, '2025-04-14 17:33:56', '2025-04-14 17:33:56'),
(1099, 6, 174, '2025-04-14 17:33:56', '2025-04-14 17:33:56'),
(1100, 7, 174, '2025-04-14 17:33:56', '2025-04-14 17:33:56'),
(1101, 14, 174, '2025-04-14 17:33:56', '2025-04-14 17:33:56'),
(1102, 15, 174, '2025-04-14 17:33:56', '2025-04-14 17:33:56'),
(1103, 17, 174, '2025-04-14 17:33:56', '2025-04-14 17:33:56'),
(1104, 19, 174, '2025-04-14 17:33:56', '2025-04-14 17:33:56'),
(1105, 2, 175, '2025-04-14 17:33:56', '2025-04-14 17:33:56'),
(1106, 11, 175, '2025-04-14 17:33:56', '2025-04-14 17:33:56'),
(1107, 17, 175, '2025-04-14 17:33:56', '2025-04-14 17:33:56'),
(1108, 18, 175, '2025-04-14 17:33:56', '2025-04-14 17:33:56'),
(1109, 1, 176, '2025-04-14 17:33:56', '2025-04-14 17:33:56'),
(1110, 3, 176, '2025-04-14 17:33:56', '2025-04-14 17:33:56'),
(1111, 4, 176, '2025-04-14 17:33:56', '2025-04-14 17:33:56'),
(1112, 6, 176, '2025-04-14 17:33:56', '2025-04-14 17:33:56'),
(1113, 15, 176, '2025-04-14 17:33:56', '2025-04-14 17:33:56'),
(1114, 1, 177, '2025-04-14 17:33:56', '2025-04-14 17:33:56'),
(1115, 3, 177, '2025-04-14 17:33:56', '2025-04-14 17:33:56'),
(1116, 4, 177, '2025-04-14 17:33:56', '2025-04-14 17:33:56'),
(1117, 5, 177, '2025-04-14 17:33:56', '2025-04-14 17:33:56'),
(1118, 7, 177, '2025-04-14 17:33:56', '2025-04-14 17:33:56'),
(1119, 13, 177, '2025-04-14 17:33:56', '2025-04-14 17:33:56'),
(1120, 14, 177, '2025-04-14 17:33:56', '2025-04-14 17:33:56'),
(1121, 15, 177, '2025-04-14 17:33:56', '2025-04-14 17:33:56'),
(1122, 6, 178, '2025-04-14 17:33:56', '2025-04-14 17:33:56'),
(1123, 16, 178, '2025-04-14 17:33:56', '2025-04-14 17:33:56'),
(1124, 18, 178, '2025-04-14 17:33:56', '2025-04-14 17:33:56'),
(1125, 1, 179, '2025-04-14 17:33:56', '2025-04-14 17:33:56'),
(1126, 3, 179, '2025-04-14 17:33:56', '2025-04-14 17:33:56'),
(1127, 5, 179, '2025-04-14 17:33:56', '2025-04-14 17:33:56'),
(1128, 11, 179, '2025-04-14 17:33:56', '2025-04-14 17:33:56'),
(1129, 13, 179, '2025-04-14 17:33:56', '2025-04-14 17:33:56'),
(1130, 15, 179, '2025-04-14 17:33:56', '2025-04-14 17:33:56'),
(1131, 19, 179, '2025-04-14 17:33:56', '2025-04-14 17:33:56'),
(1132, 20, 179, '2025-04-14 17:33:56', '2025-04-14 17:33:56'),
(1133, 2, 180, '2025-04-14 17:33:56', '2025-04-14 17:33:56'),
(1134, 7, 180, '2025-04-14 17:33:56', '2025-04-14 17:33:56'),
(1135, 20, 180, '2025-04-14 17:33:56', '2025-04-14 17:33:56'),
(1136, 1, 181, '2025-04-14 17:33:56', '2025-04-14 17:33:56'),
(1137, 3, 181, '2025-04-14 17:33:56', '2025-04-14 17:33:56'),
(1138, 4, 181, '2025-04-14 17:33:56', '2025-04-14 17:33:56'),
(1139, 7, 181, '2025-04-14 17:33:56', '2025-04-14 17:33:56'),
(1140, 17, 181, '2025-04-14 17:33:56', '2025-04-14 17:33:56'),
(1141, 18, 181, '2025-04-14 17:33:56', '2025-04-14 17:33:56'),
(1142, 19, 181, '2025-04-14 17:33:56', '2025-04-14 17:33:56'),
(1143, 1, 182, '2025-04-14 17:33:56', '2025-04-14 17:33:56'),
(1144, 4, 182, '2025-04-14 17:33:56', '2025-04-14 17:33:56'),
(1145, 5, 182, '2025-04-14 17:33:56', '2025-04-14 17:33:56'),
(1146, 6, 182, '2025-04-14 17:33:56', '2025-04-14 17:33:56'),
(1147, 13, 182, '2025-04-14 17:33:56', '2025-04-14 17:33:56'),
(1148, 14, 182, '2025-04-14 17:33:56', '2025-04-14 17:33:56'),
(1149, 15, 182, '2025-04-14 17:33:56', '2025-04-14 17:33:56'),
(1150, 18, 182, '2025-04-14 17:33:56', '2025-04-14 17:33:56'),
(1151, 19, 182, '2025-04-14 17:33:56', '2025-04-14 17:33:56'),
(1152, 3, 183, '2025-04-14 17:33:56', '2025-04-14 17:33:56'),
(1153, 4, 183, '2025-04-14 17:33:56', '2025-04-14 17:33:56'),
(1154, 6, 183, '2025-04-14 17:33:56', '2025-04-14 17:33:56'),
(1155, 12, 183, '2025-04-14 17:33:56', '2025-04-14 17:33:56'),
(1156, 14, 183, '2025-04-14 17:33:56', '2025-04-14 17:33:56'),
(1157, 15, 183, '2025-04-14 17:33:56', '2025-04-14 17:33:56'),
(1158, 18, 183, '2025-04-14 17:33:56', '2025-04-14 17:33:56'),
(1159, 21, 183, '2025-04-14 17:33:56', '2025-04-14 17:33:56');

-- --------------------------------------------------------

--
-- Table structure for table `media_posts`
--

CREATE TABLE `media_posts` (
  `id` bigint UNSIGNED NOT NULL,
  `user_id` bigint UNSIGNED NOT NULL,
  `caption` text COLLATE utf8mb4_unicode_ci,
  `file_path` varchar(255) COLLATE utf8mb4_unicode_ci NOT NULL,
  `file_type` enum('image','video') COLLATE utf8mb4_unicode_ci NOT NULL,
  `deleted_at` timestamp NULL DEFAULT NULL,
  `created_at` timestamp NULL DEFAULT NULL,
  `updated_at` timestamp NULL DEFAULT NULL
) ENGINE=InnoDB DEFAULT CHARSET=utf8mb4 COLLATE=utf8mb4_unicode_ci;

--
-- Dumping data for table `media_posts`
--

INSERT INTO `media_posts` (`id`, `user_id`, `caption`, `file_path`, `file_type`, `deleted_at`, `created_at`, `updated_at`) VALUES
(1, 2, 'Eddy Bau', 'media-posts/QwjBnzm8rkkAkfUGOn4EHKF25AW5aDxie4AVw9fL.jpg', 'image', NULL, '2025-04-11 22:55:04', '2025-04-11 22:55:04'),
(2, 2, 'Anjas', 'media-posts/9VawDKnL32619sgF8HrRNgxik3uF3WgngrWoIWmG.jpg', 'image', NULL, '2025-04-11 22:57:20', '2025-04-11 22:57:20'),
(3, 2, 'Anjas', 'media-posts/pqliD2hezmjVsdD4LEArv1KbfKbG5KtDGvoRz5cG.jpg', 'image', NULL, '2025-04-11 22:58:43', '2025-04-11 22:58:43'),
(4, 1, 'Eddy Bau', 'media-posts/BiwHWi684mnl2oApPRsfmehOTXr004Pq3C0Dw2XO.jpg', 'image', NULL, '2025-04-11 23:06:50', '2025-04-11 23:06:50'),
(5, 2, 'Sayang Eddy', 'media-posts/fVRmBExcU9XijJ1mHj1QSMseXxTs51bjpDDxbV1s.jpg', 'image', NULL, '2025-04-11 23:13:45', '2025-04-14 01:20:31'),
(6, 2, 'Rizqi Rizqi', 'media-posts/WX7jSVQ1VMZkd99WrioMNwYkum3MdvijsOp8YdFB.jpg', 'image', NULL, '2025-04-11 23:53:21', '2025-04-14 03:17:10'),
(7, 1, 'In Japanaese', 'media-posts/KI4pCjjU6wBpk5AKB9ni5WrTuxaFy69cORmKvCqC.jpg', 'image', NULL, '2025-04-13 20:57:47', '2025-04-14 01:23:34'),
(133, 5, 'Sahur penuh berkah!', 'media-posts/1.jpg', 'image', NULL, '2025-04-14 17:33:55', '2025-04-14 17:33:55'),
(134, 18, 'Habis sahur langsung kerja!', 'media-posts/2.jpg', 'image', NULL, '2025-04-14 17:33:55', '2025-04-14 17:33:55'),
(135, 4, 'Niat sahur biar kuat puasa', 'media-posts/3.jpg', 'image', NULL, '2025-04-14 17:33:55', '2025-04-14 17:33:55'),
(136, 21, 'Makanan favorit sahur!', 'media-posts/4.jpg', 'image', NULL, '2025-04-14 17:33:55', '2025-04-14 17:33:55'),
(137, 2, 'Yang penting kompak ðŸ˜', 'media-posts/5.jpg', 'image', NULL, '2025-04-14 17:33:55', '2025-04-14 17:33:55'),
(138, 20, 'Gue selalu tidur pas sahur', 'media-posts/6.jpg', 'image', NULL, '2025-04-14 17:33:55', '2025-04-14 17:33:55'),
(139, 14, 'Anomali detected ðŸš¨', 'media-posts/7.jpg', 'image', NULL, '2025-04-14 17:33:55', '2025-04-14 17:33:55'),
(140, 3, 'Ayo semangat sahur!', 'media-posts/8.jpg', 'image', NULL, '2025-04-14 17:33:55', '2025-04-14 17:33:55'),
(141, 16, 'Tunggu sahur, terus tidur lagi', 'media-posts/9.jpg', 'image', NULL, '2025-04-14 17:33:55', '2025-04-14 17:33:55'),
(142, 17, 'Semangat puasa meski lapar', 'media-posts/10.jpg', 'image', NULL, '2025-04-14 17:33:55', '2025-04-14 17:33:55'),
(143, 1, 'Sahur penuh berkah!', 'media-posts/11.jpg', 'image', NULL, '2025-04-14 17:33:55', '2025-04-14 17:33:55'),
(144, 7, 'Tung tung tung sahur!', 'media-posts/12.jpg', 'image', NULL, '2025-04-14 17:33:55', '2025-04-14 17:33:55'),
(145, 15, 'Ngabuburit vibes ðŸ˜Ž', 'media-posts/13.jpg', 'image', NULL, '2025-04-14 17:33:55', '2025-04-14 17:33:55'),
(146, 14, 'Sahur penuh berkah!', 'media-posts/14.jpg', 'image', NULL, '2025-04-14 17:33:55', '2025-04-14 17:33:55'),
(147, 4, 'Makan sahur yuk!', 'media-posts/15.jpg', 'image', NULL, '2025-04-14 17:33:55', '2025-04-14 17:33:55'),
(148, 1, 'Jangan lupa kasih yang manis!', 'media-posts/16.jpg', 'image', NULL, '2025-04-14 17:33:55', '2025-04-14 17:33:55'),
(149, 11, 'Niat sahur biar kuat puasa', 'media-posts/17.jpg', 'image', NULL, '2025-04-14 17:33:55', '2025-04-14 17:33:55'),
(150, 3, 'Sahur penuh berkah!', 'media-posts/18.jpg', 'image', NULL, '2025-04-14 17:33:55', '2025-04-14 17:33:55'),
(151, 11, 'Anomali detected ðŸš¨', 'media-posts/19.jpg', 'image', NULL, '2025-04-14 17:33:55', '2025-04-14 17:33:55'),
(152, 20, 'Jangan lemes sahur dong!', 'media-posts/20.jpg', 'image', NULL, '2025-04-14 17:33:55', '2025-04-14 17:33:55'),
(153, 7, 'Tunggu waktu buka puasa', 'media-posts/21.jpg', 'image', NULL, '2025-04-14 17:33:55', '2025-04-14 17:33:55'),
(154, 6, 'Tung tung tung sahur!', 'media-posts/22.jpg', 'image', NULL, '2025-04-14 17:33:55', '2025-04-14 17:33:55'),
(155, 18, 'Puasa hari ke sekian...', 'media-posts/23.jpg', 'image', NULL, '2025-04-14 17:33:55', '2025-04-14 17:33:55'),
(156, 11, 'Tung tung tung sahur!', 'media-posts/24.jpg', 'image', NULL, '2025-04-14 17:33:55', '2025-04-14 17:33:55'),
(157, 14, 'Makanan favorit sahur!', 'media-posts/25.jpg', 'image', NULL, '2025-04-14 17:33:55', '2025-04-14 17:33:55'),
(158, 7, 'Niat sahur biar kuat puasa', 'media-posts/26.jpg', 'image', NULL, '2025-04-14 17:33:55', '2025-04-14 17:33:55'),
(159, 16, 'Jangan lupa minum air putih', 'media-posts/27.jpg', 'image', NULL, '2025-04-14 17:33:55', '2025-04-14 17:33:55'),
(160, 3, 'Semangat puasa meski lapar', 'media-posts/28.jpg', 'image', NULL, '2025-04-14 17:33:55', '2025-04-14 17:33:55'),
(161, 14, 'Tunggu sahur, terus tidur lagi', 'media-posts/29.jpg', 'image', NULL, '2025-04-14 17:33:55', '2025-04-14 17:33:55'),
(162, 7, 'Niat sahur biar kuat puasa', 'media-posts/30.jpg', 'image', NULL, '2025-04-14 17:33:55', '2025-04-14 17:33:55'),
(163, 18, 'Jangan lupa kasih yang manis!', 'media-posts/31.jpg', 'image', NULL, '2025-04-14 17:33:55', '2025-04-14 17:33:55'),
(164, 16, 'Cuma bisa liat makanan enak', 'media-posts/32.jpg', 'image', NULL, '2025-04-14 17:33:55', '2025-04-14 17:33:55'),
(165, 16, 'Makan sahur yuk!', 'media-posts/33.jpg', 'image', NULL, '2025-04-14 17:33:55', '2025-04-14 17:33:55'),
(166, 20, 'Habis sahur langsung kerja!', 'media-posts/34.jpg', 'image', NULL, '2025-04-14 17:33:55', '2025-04-14 17:33:55'),
(167, 18, 'Puasa hari ke sekian...', 'media-posts/35.jpg', 'image', NULL, '2025-04-14 17:33:55', '2025-04-14 17:33:55'),
(168, 21, 'Buka puasa yuk!', 'media-posts/36.jpg', 'image', NULL, '2025-04-14 17:33:55', '2025-04-14 17:33:55'),
(169, 2, 'Jangan lupa minum air putih', 'media-posts/37.jpg', 'image', NULL, '2025-04-14 17:33:55', '2025-04-14 17:33:55'),
(170, 2, 'Yang penting kompak ðŸ˜', 'media-posts/38.jpg', 'image', NULL, '2025-04-14 17:33:55', '2025-04-14 17:33:55'),
(171, 3, 'Makan sahur yuk!', 'media-posts/39.jpg', 'image', NULL, '2025-04-14 17:33:55', '2025-04-14 17:33:55'),
(172, 3, 'Tunggu waktu buka puasa', 'media-posts/40.jpg', 'image', NULL, '2025-04-14 17:33:55', '2025-04-14 17:33:55'),
(173, 16, 'Ngebaperin orang sahur nih!', 'media-posts/41.jpg', 'image', NULL, '2025-04-14 17:33:55', '2025-04-14 17:33:55'),
(174, 14, 'Tung tung tung sahur!', 'media-posts/42.jpg', 'image', NULL, '2025-04-14 17:33:56', '2025-04-14 17:33:56'),
(175, 1, 'Jangan lupa minum air putih', 'media-posts/43.jpg', 'image', NULL, '2025-04-14 17:33:56', '2025-04-14 17:33:56'),
(176, 6, 'Ngabuburit vibes ðŸ˜Ž', 'media-posts/44.jpg', 'image', NULL, '2025-04-14 17:33:56', '2025-04-14 17:33:56'),
(177, 12, 'Sahur penuh berkah!', 'media-posts/45.jpg', 'image', NULL, '2025-04-14 17:33:56', '2025-04-14 17:33:56'),
(178, 5, 'Tunggu sahur, terus tidur lagi', 'media-posts/46.jpg', 'image', NULL, '2025-04-14 17:33:56', '2025-04-14 17:33:56'),
(179, 4, 'Niat sahur biar kuat puasa', 'media-posts/47.jpg', 'image', NULL, '2025-04-14 17:33:56', '2025-04-14 17:33:56'),
(180, 4, 'Sahur penuh berkah!', 'media-posts/48.jpg', 'image', NULL, '2025-04-14 17:33:56', '2025-04-14 17:33:56'),
(181, 15, 'Semangat puasa meski lapar', 'media-posts/49.jpg', 'image', NULL, '2025-04-14 17:33:56', '2025-04-14 17:33:56'),
(182, 12, 'Niat sahur biar kuat puasa', 'media-posts/50.jpg', 'image', NULL, '2025-04-14 17:33:56', '2025-04-14 17:33:56'),
(183, 20, 'Puasa hari ke sekian...', 'media-posts/51.jpg', 'image', NULL, '2025-04-14 17:33:56', '2025-04-14 17:33:56'),
(184, 5, 'Borobudur Time', 'media-posts/735WCuE6bPM8TTlCgjfcpFLSMSutizZyh69JTuB5.jpg', 'image', NULL, '2025-04-14 17:45:32', '2025-04-14 17:45:32');

-- --------------------------------------------------------

--
-- Table structure for table `migrations`
--

CREATE TABLE `migrations` (
  `id` int UNSIGNED NOT NULL,
  `migration` varchar(255) COLLATE utf8mb4_unicode_ci NOT NULL,
  `batch` int NOT NULL
) ENGINE=InnoDB DEFAULT CHARSET=utf8mb4 COLLATE=utf8mb4_unicode_ci;

--
-- Dumping data for table `migrations`
--

INSERT INTO `migrations` (`id`, `migration`, `batch`) VALUES
(1, '0001_01_01_000000_create_users_table', 1),
(2, '0001_01_01_000001_create_cache_table', 1),
(3, '0001_01_01_000002_create_jobs_table', 1),
(4, '2025_04_10_134703_create_permission_tables', 2),
(5, '2025_04_11_031648_create_media_posts_table', 3),
(6, '2025_04_11_031652_create_comments_table', 3),
(7, '2025_04_11_033008_create_likes_table', 3),
(8, '2025_04_11_034055_create_profile_settings_table', 4),
(9, '2025_04_14_152909_create_followers_table', 5),
(10, '2025_04_14_154303_create_follows_table', 6),
(11, '2025_04_15_001421_add_username_to_users_table', 7);

-- --------------------------------------------------------

--
-- Table structure for table `model_has_permissions`
--

CREATE TABLE `model_has_permissions` (
  `permission_id` bigint UNSIGNED NOT NULL,
  `model_type` varchar(255) COLLATE utf8mb4_unicode_ci NOT NULL,
  `model_id` bigint UNSIGNED NOT NULL
) ENGINE=InnoDB DEFAULT CHARSET=utf8mb4 COLLATE=utf8mb4_unicode_ci;

-- --------------------------------------------------------

--
-- Table structure for table `model_has_roles`
--

CREATE TABLE `model_has_roles` (
  `role_id` bigint UNSIGNED NOT NULL,
  `model_type` varchar(255) COLLATE utf8mb4_unicode_ci NOT NULL,
  `model_id` bigint UNSIGNED NOT NULL
) ENGINE=InnoDB DEFAULT CHARSET=utf8mb4 COLLATE=utf8mb4_unicode_ci;

--
-- Dumping data for table `model_has_roles`
--

INSERT INTO `model_has_roles` (`role_id`, `model_type`, `model_id`) VALUES
(1, 'App\\Models\\User', 1),
(2, 'App\\Models\\User', 6),
(2, 'App\\Models\\User', 7),
(2, 'App\\Models\\User', 11),
(2, 'App\\Models\\User', 12),
(2, 'App\\Models\\User', 13),
(2, 'App\\Models\\User', 14),
(2, 'App\\Models\\User', 15),
(2, 'App\\Models\\User', 16),
(2, 'App\\Models\\User', 17),
(2, 'App\\Models\\User', 18),
(2, 'App\\Models\\User', 19),
(2, 'App\\Models\\User', 20),
(1, 'App\\Models\\User', 21);

-- --------------------------------------------------------

--
-- Table structure for table `password_reset_tokens`
--

CREATE TABLE `password_reset_tokens` (
  `email` varchar(255) COLLATE utf8mb4_unicode_ci NOT NULL,
  `token` varchar(255) COLLATE utf8mb4_unicode_ci NOT NULL,
  `created_at` timestamp NULL DEFAULT NULL
) ENGINE=InnoDB DEFAULT CHARSET=utf8mb4 COLLATE=utf8mb4_unicode_ci;

-- --------------------------------------------------------

--
-- Table structure for table `permissions`
--

CREATE TABLE `permissions` (
  `id` bigint UNSIGNED NOT NULL,
  `name` varchar(255) COLLATE utf8mb4_unicode_ci NOT NULL,
  `guard_name` varchar(255) COLLATE utf8mb4_unicode_ci NOT NULL,
  `created_at` timestamp NULL DEFAULT NULL,
  `updated_at` timestamp NULL DEFAULT NULL
) ENGINE=InnoDB DEFAULT CHARSET=utf8mb4 COLLATE=utf8mb4_unicode_ci;

-- --------------------------------------------------------

--
-- Table structure for table `profile_settings`
--

CREATE TABLE `profile_settings` (
  `id` bigint UNSIGNED NOT NULL,
  `user_id` bigint UNSIGNED NOT NULL,
  `bio` text COLLATE utf8mb4_unicode_ci,
  `profile_picture` varchar(255) COLLATE utf8mb4_unicode_ci DEFAULT NULL,
  `feed_per_row` int NOT NULL DEFAULT '3',
  `deleted_at` timestamp NULL DEFAULT NULL,
  `created_at` timestamp NULL DEFAULT NULL,
  `updated_at` timestamp NULL DEFAULT NULL
) ENGINE=InnoDB DEFAULT CHARSET=utf8mb4 COLLATE=utf8mb4_unicode_ci;

--
-- Dumping data for table `profile_settings`
--

INSERT INTO `profile_settings` (`id`, `user_id`, `bio`, `profile_picture`, `feed_per_row`, `deleted_at`, `created_at`, `updated_at`) VALUES
(1, 2, 'Sup hommie', 'profile_pictures/4lqqIJWYi2cUrfCrAo6kc7WBKsFy6nbr6HxJJ8pk.jpg', 3, NULL, '2025-04-10 20:16:33', '2025-04-10 21:02:50'),
(2, 1, 'Yessir', 'profile_pictures/NWKHKUlYd9zcssRPFuu0i35wlQOll9z8PcUWlxW8.jpg', 3, NULL, '2025-04-11 23:06:39', '2025-04-11 23:06:39'),
(3, 3, 'WhatsApp', 'profile_pictures/7MiA9oHIB3oma29zDM8vPNjadgvHVNvkc4OYt8jf.jpg', 3, NULL, '2025-04-14 07:49:28', '2025-04-14 07:49:28'),
(4, 4, NULL, 'profile_pictures/6HMiIhNMLJLxt9sXwCMHMx3cEhhp6xCVfskJxakE.jpg', 3, NULL, '2025-04-14 15:54:37', '2025-04-14 15:54:37'),
(5, 5, 'Hohoh', 'profile_pictures/mMhf0tci6b5gdUdKZ62ugqbqTqmqVZycWG2y8t0R.jpg', 3, NULL, '2025-04-14 16:42:38', '2025-04-14 16:45:32');

-- --------------------------------------------------------

--
-- Table structure for table `roles`
--

CREATE TABLE `roles` (
  `id` bigint UNSIGNED NOT NULL,
  `name` varchar(255) COLLATE utf8mb4_unicode_ci NOT NULL,
  `guard_name` varchar(255) COLLATE utf8mb4_unicode_ci NOT NULL,
  `created_at` timestamp NULL DEFAULT NULL,
  `updated_at` timestamp NULL DEFAULT NULL
) ENGINE=InnoDB DEFAULT CHARSET=utf8mb4 COLLATE=utf8mb4_unicode_ci;

--
-- Dumping data for table `roles`
--

INSERT INTO `roles` (`id`, `name`, `guard_name`, `created_at`, `updated_at`) VALUES
(1, 'admin', 'web', '2025-04-10 05:49:03', '2025-04-10 05:49:03'),
(2, 'user', 'web', '2025-04-10 05:49:18', '2025-04-10 05:49:18');

-- --------------------------------------------------------

--
-- Table structure for table `role_has_permissions`
--

CREATE TABLE `role_has_permissions` (
  `permission_id` bigint UNSIGNED NOT NULL,
  `role_id` bigint UNSIGNED NOT NULL
) ENGINE=InnoDB DEFAULT CHARSET=utf8mb4 COLLATE=utf8mb4_unicode_ci;

-- --------------------------------------------------------

--
-- Table structure for table `sessions`
--

CREATE TABLE `sessions` (
  `id` varchar(255) COLLATE utf8mb4_unicode_ci NOT NULL,
  `user_id` bigint UNSIGNED DEFAULT NULL,
  `ip_address` varchar(45) COLLATE utf8mb4_unicode_ci DEFAULT NULL,
  `user_agent` text COLLATE utf8mb4_unicode_ci,
  `payload` longtext COLLATE utf8mb4_unicode_ci NOT NULL,
  `last_activity` int NOT NULL
) ENGINE=InnoDB DEFAULT CHARSET=utf8mb4 COLLATE=utf8mb4_unicode_ci;

--
-- Dumping data for table `sessions`
--

INSERT INTO `sessions` (`id`, `user_id`, `ip_address`, `user_agent`, `payload`, `last_activity`) VALUES
('BkVoGP9VmVYLrrV2OfSxIa9O3Hm2DKZjeBQbd1Xd', 2, '127.0.0.1', 'Mozilla/5.0 (Windows NT 10.0; Win64; x64) AppleWebKit/537.36 (KHTML, like Gecko) Chrome/135.0.0.0 Safari/537.36 Edg/135.0.0.0', 'YTo0OntzOjY6Il90b2tlbiI7czo0MDoiSUxrcVdScVJYbHNlZ1lLY3phT2E3VU4xYkE5YmRBWHh4NzBHSG9aRyI7czo5OiJfcHJldmlvdXMiO2E6MTp7czozOiJ1cmwiO3M6MzM6Imh0dHA6Ly8xMjcuMC4wLjE6ODAwMC9tZWRpYS1wb3N0cyI7fXM6NjoiX2ZsYXNoIjthOjI6e3M6Mzoib2xkIjthOjA6e31zOjM6Im5ldyI7YTowOnt9fXM6NTA6ImxvZ2luX3dlYl81OWJhMzZhZGRjMmIyZjk0MDE1ODBmMDE0YzdmNThlYTRlMzA5ODlkIjtpOjI7fQ==', 1744681490),
('H5QPt0SX4y10NKTuQ7ZSthjjPklTy3RYnpwIA4Xz', 5, '127.0.0.1', 'Mozilla/5.0 (Windows NT 10.0; Win64; x64) AppleWebKit/537.36 (KHTML, like Gecko) Chrome/135.0.0.0 Safari/537.36 Edg/135.0.0.0', 'YTo0OntzOjY6Il90b2tlbiI7czo0MDoiOUc1NDd2Z3VieFVFOEpGVkJEUTlSQm10V1lJUDN3aHV3S1ZkV3NwdSI7czo2OiJfZmxhc2giO2E6Mjp7czozOiJvbGQiO2E6MDp7fXM6MzoibmV3IjthOjA6e319czo5OiJfcHJldmlvdXMiO2E6MTp7czozOiJ1cmwiO3M6MzI6Imh0dHA6Ly8xMjcuMC4wLjE6ODAwMC9teS1wcm9maWxlIjt9czo1MDoibG9naW5fd2ViXzU5YmEzNmFkZGMyYjJmOTQwMTU4MGYwMTRjN2Y1OGVhNGUzMDk4OWQiO2k6NTt9', 1744682874);

-- --------------------------------------------------------

--
-- Table structure for table `users`
--

CREATE TABLE `users` (
  `id` bigint UNSIGNED NOT NULL,
  `name` varchar(255) CHARACTER SET utf8mb4 COLLATE utf8mb4_unicode_ci NOT NULL,
  `username` varchar(255) CHARACTER SET utf8mb4 COLLATE utf8mb4_unicode_ci DEFAULT NULL,
  `email` varchar(255) CHARACTER SET utf8mb4 COLLATE utf8mb4_unicode_ci NOT NULL,
  `email_verified_at` timestamp NULL DEFAULT NULL,
  `password` varchar(255) CHARACTER SET utf8mb4 COLLATE utf8mb4_unicode_ci NOT NULL,
  `remember_token` varchar(100) CHARACTER SET utf8mb4 COLLATE utf8mb4_unicode_ci DEFAULT NULL,
  `created_at` timestamp NULL DEFAULT NULL,
  `updated_at` timestamp NULL DEFAULT NULL
) ENGINE=InnoDB DEFAULT CHARSET=utf8mb4 COLLATE=utf8mb4_unicode_ci;

--
-- Dumping data for table `users`
--

INSERT INTO `users` (`id`, `name`, `username`, `email`, `email_verified_at`, `password`, `remember_token`, `created_at`, `updated_at`) VALUES
(1, 'admin', 'admin\r\n', 'admin@super.com', NULL, '$2y$12$LxirlIOrn8GTvgvjqqZcwu/VdWeLJzdjtnavDPTvE737DpYiSx6ku', NULL, '2025-04-10 05:49:57', '2025-04-10 05:49:57'),
(2, 'user', 'user1', 'user@user.com', NULL, '$2y$12$qLZWVCxa2Qo.Uk20Jv/P7egqV2JzAhz9dCeD8a5.VH0.n6XzVrk1O', NULL, '2025-04-10 05:59:43', '2025-04-14 16:46:17'),
(3, 'Anya', 'Anya', 'user1@user.com', NULL, '$2y$12$HWB1wTWG1nXwVn21B8amBuL.6OycsygHG8K/Knq1fpXjmZeNFBIb.', NULL, '2025-04-14 07:48:21', '2025-04-14 07:48:21'),
(4, 'Naruto', 'Naruto', 'user3@user.com', NULL, '$2y$12$CPuRAnQQ.Rqi4Mc8D7LKkeh5HHjI2Q.fGPIQco9cpRqV3OAm17k/.', NULL, '2025-04-14 07:55:48', '2025-04-14 07:55:48'),
(5, 'Eddy Saputra', 'Eddy Ganteng', 'eddy@gmail.com', NULL, '$2y$12$1wSu3A/QrseCd/9p2vfDHO4U6Ll0xT/ItPJYwF2XwZTVVCVWPP42K', NULL, '2025-04-14 16:36:04', '2025-04-14 16:45:32'),
(6, 'Elizabet', 'elizabet', 'elizabet@example.com', NULL, '$2y$12$YTMWMfEEzEEiCIN/auKKJ.Ab7pZboPZd.KpQitpY840z0bRRay13G', NULL, '2025-04-14 17:01:07', '2025-04-14 17:01:07'),
(7, 'Sasuke', 'sasuke', 'sasuke@example.com', NULL, '$2y$12$GDTB6cIrAFpXQwg.VvGL8ej51mkPq1phdBUKeDGh/wxcGtcEHdDYO', NULL, '2025-04-14 17:01:08', '2025-04-14 17:01:08'),
(11, 'Katsura', 'katsura', 'katsura@example.com', NULL, '$2y$12$dVEDm9ldxQGbHxoVSGPLzOBHGnjEh7TjpDZJrQl5YAKjnsd7H1mPW', NULL, '2025-04-14 17:04:19', '2025-04-14 17:04:19'),
(12, 'Wednesday', 'wednesday', 'wednesday@example.com', NULL, '$2y$12$JC.XqDYnA2gMt379p54muOUdCDfrnKYnkBb7GXhICeoekOOax5fSC', NULL, '2025-04-14 17:04:19', '2025-04-14 17:04:19'),
(13, 'TungTungTug', 'tungtungtug', 'tungtungtug@example.com', NULL, '$2y$12$PvJzgh1qTZuJfunpalQFQ.ohGvEU6Nx9DvbqW4B5FC.49Kiq4Q6Y2', NULL, '2025-04-14 17:04:20', '2025-04-14 17:04:20'),
(14, 'Mikasa', 'mikasa', 'mikasa@example.com', NULL, '$2y$12$slDjt.ZYo46bbBWlUozF7eiHfpihfgXoOFmSmpu65Kvo2B7IRH3vS', NULL, '2025-04-14 17:04:20', '2025-04-14 17:04:20'),
(15, 'Tanjiro', 'tanjiro', 'tanjiro@example.com', NULL, '$2y$12$5mbIFMEe9kgvpirk7/Wz7O3ZXfqV2WkxHBMqPbiGGR1hLVWpVktNC', NULL, '2025-04-14 17:04:20', '2025-04-14 17:04:20'),
(16, 'Violet', 'violet', 'violet@example.com', NULL, '$2y$12$5tYhr0x8US5/.SBXYNDqaObbqO50f2f0Dg712ctXOllBpAu.EMwKO', NULL, '2025-04-14 17:04:20', '2025-04-14 17:04:20'),
(17, 'Gojo', 'gojo', 'gojo@example.com', NULL, '$2y$12$te/ZWCLHohXAZeHJn.vTceUfFTzEV9ssQhEiTZ3mVtBsBvo2ksf32', NULL, '2025-04-14 17:04:20', '2025-04-14 17:04:20'),
(18, 'Luffy', 'luffy', 'luffy@example.com', NULL, '$2y$12$mPJwKzxSNEWHKoOXXerS6utxYC4pjq.3Lx1j5X3c9ZnAADxOOaIJe', NULL, '2025-04-14 17:04:21', '2025-04-14 17:04:21'),
(19, 'Levi', 'levi', 'levi@example.com', NULL, '$2y$12$TU.Dtk0Vc2h3QbIwGKwAvOcM0ZSKmXGk8EsX.rx6vZDTYYG0ijzkC', NULL, '2025-04-14 17:04:21', '2025-04-14 17:04:21'),
(20, 'Killua', 'killua', 'killua@example.com', NULL, '$2y$12$z8/4XKPIg7u.e.g0pemFzuJYwrdyWvG6xm0rxBTigeCk.jI7nM5sK', NULL, '2025-04-14 17:04:21', '2025-04-14 17:04:21'),
(21, 'Admin User', 'adminuser', 'admin@example.com', NULL, '$2y$12$n/sGexw4eSqu51at9ECVFOX5GpUqXt7BBoQoqyYTUt/wAieBDZmKy', NULL, '2025-04-14 17:04:21', '2025-04-14 17:04:21');

--
-- Indexes for dumped tables
--

--
-- Indexes for table `cache`
--
ALTER TABLE `cache`
  ADD PRIMARY KEY (`key`);

--
-- Indexes for table `cache_locks`
--
ALTER TABLE `cache_locks`
  ADD PRIMARY KEY (`key`);

--
-- Indexes for table `comments`
--
ALTER TABLE `comments`
  ADD PRIMARY KEY (`id`),
  ADD KEY `comments_user_id_foreign` (`user_id`),
  ADD KEY `comments_media_post_id_foreign` (`media_post_id`);

--
-- Indexes for table `failed_jobs`
--
ALTER TABLE `failed_jobs`
  ADD PRIMARY KEY (`id`),
  ADD UNIQUE KEY `failed_jobs_uuid_unique` (`uuid`);

--
-- Indexes for table `followers`
--
ALTER TABLE `followers`
  ADD PRIMARY KEY (`id`),
  ADD UNIQUE KEY `followers_follower_id_followed_id_unique` (`follower_id`,`followed_id`),
  ADD KEY `followers_followed_id_foreign` (`followed_id`);

--
-- Indexes for table `follows`
--
ALTER TABLE `follows`
  ADD PRIMARY KEY (`id`),
  ADD UNIQUE KEY `follows_follower_id_followed_id_unique` (`follower_id`,`followed_id`),
  ADD KEY `follows_followed_id_foreign` (`followed_id`);

--
-- Indexes for table `jobs`
--
ALTER TABLE `jobs`
  ADD PRIMARY KEY (`id`),
  ADD KEY `jobs_queue_index` (`queue`);

--
-- Indexes for table `job_batches`
--
ALTER TABLE `job_batches`
  ADD PRIMARY KEY (`id`);

--
-- Indexes for table `likes`
--
ALTER TABLE `likes`
  ADD PRIMARY KEY (`id`),
  ADD UNIQUE KEY `likes_user_id_media_post_id_unique` (`user_id`,`media_post_id`),
  ADD KEY `likes_media_post_id_foreign` (`media_post_id`);

--
-- Indexes for table `media_posts`
--
ALTER TABLE `media_posts`
  ADD PRIMARY KEY (`id`),
  ADD KEY `media_posts_user_id_foreign` (`user_id`);

--
-- Indexes for table `migrations`
--
ALTER TABLE `migrations`
  ADD PRIMARY KEY (`id`);

--
-- Indexes for table `model_has_permissions`
--
ALTER TABLE `model_has_permissions`
  ADD PRIMARY KEY (`permission_id`,`model_id`,`model_type`),
  ADD KEY `model_has_permissions_model_id_model_type_index` (`model_id`,`model_type`);

--
-- Indexes for table `model_has_roles`
--
ALTER TABLE `model_has_roles`
  ADD PRIMARY KEY (`role_id`,`model_id`,`model_type`),
  ADD KEY `model_has_roles_model_id_model_type_index` (`model_id`,`model_type`);

--
-- Indexes for table `password_reset_tokens`
--
ALTER TABLE `password_reset_tokens`
  ADD PRIMARY KEY (`email`);

--
-- Indexes for table `permissions`
--
ALTER TABLE `permissions`
  ADD PRIMARY KEY (`id`),
  ADD UNIQUE KEY `permissions_name_guard_name_unique` (`name`,`guard_name`);

--
-- Indexes for table `profile_settings`
--
ALTER TABLE `profile_settings`
  ADD PRIMARY KEY (`id`),
  ADD KEY `profile_settings_user_id_foreign` (`user_id`);

--
-- Indexes for table `roles`
--
ALTER TABLE `roles`
  ADD PRIMARY KEY (`id`),
  ADD UNIQUE KEY `roles_name_guard_name_unique` (`name`,`guard_name`);

--
-- Indexes for table `role_has_permissions`
--
ALTER TABLE `role_has_permissions`
  ADD PRIMARY KEY (`permission_id`,`role_id`),
  ADD KEY `role_has_permissions_role_id_foreign` (`role_id`);

--
-- Indexes for table `sessions`
--
ALTER TABLE `sessions`
  ADD PRIMARY KEY (`id`),
  ADD KEY `sessions_user_id_index` (`user_id`),
  ADD KEY `sessions_last_activity_index` (`last_activity`);

--
-- Indexes for table `users`
--
ALTER TABLE `users`
  ADD PRIMARY KEY (`id`),
  ADD UNIQUE KEY `users_email_unique` (`email`),
  ADD UNIQUE KEY `users_username_unique` (`username`);

--
-- AUTO_INCREMENT for dumped tables
--

--
-- AUTO_INCREMENT for table `comments`
--
ALTER TABLE `comments`
  MODIFY `id` bigint UNSIGNED NOT NULL AUTO_INCREMENT, AUTO_INCREMENT=1013;

--
-- AUTO_INCREMENT for table `failed_jobs`
--
ALTER TABLE `failed_jobs`
  MODIFY `id` bigint UNSIGNED NOT NULL AUTO_INCREMENT;

--
-- AUTO_INCREMENT for table `followers`
--
ALTER TABLE `followers`
  MODIFY `id` bigint UNSIGNED NOT NULL AUTO_INCREMENT, AUTO_INCREMENT=17;

--
-- AUTO_INCREMENT for table `follows`
--
ALTER TABLE `follows`
  MODIFY `id` bigint UNSIGNED NOT NULL AUTO_INCREMENT;

--
-- AUTO_INCREMENT for table `jobs`
--
ALTER TABLE `jobs`
  MODIFY `id` bigint UNSIGNED NOT NULL AUTO_INCREMENT;

--
-- AUTO_INCREMENT for table `likes`
--
ALTER TABLE `likes`
  MODIFY `id` bigint UNSIGNED NOT NULL AUTO_INCREMENT, AUTO_INCREMENT=1160;

--
-- AUTO_INCREMENT for table `media_posts`
--
ALTER TABLE `media_posts`
  MODIFY `id` bigint UNSIGNED NOT NULL AUTO_INCREMENT, AUTO_INCREMENT=185;

--
-- AUTO_INCREMENT for table `migrations`
--
ALTER TABLE `migrations`
  MODIFY `id` int UNSIGNED NOT NULL AUTO_INCREMENT, AUTO_INCREMENT=12;

--
-- AUTO_INCREMENT for table `permissions`
--
ALTER TABLE `permissions`
  MODIFY `id` bigint UNSIGNED NOT NULL AUTO_INCREMENT;

--
-- AUTO_INCREMENT for table `profile_settings`
--
ALTER TABLE `profile_settings`
  MODIFY `id` bigint UNSIGNED NOT NULL AUTO_INCREMENT, AUTO_INCREMENT=6;

--
-- AUTO_INCREMENT for table `roles`
--
ALTER TABLE `roles`
  MODIFY `id` bigint UNSIGNED NOT NULL AUTO_INCREMENT, AUTO_INCREMENT=3;

--
-- AUTO_INCREMENT for table `users`
--
ALTER TABLE `users`
  MODIFY `id` bigint UNSIGNED NOT NULL AUTO_INCREMENT, AUTO_INCREMENT=22;

--
-- Constraints for dumped tables
--

--
-- Constraints for table `comments`
--
ALTER TABLE `comments`
  ADD CONSTRAINT `comments_media_post_id_foreign` FOREIGN KEY (`media_post_id`) REFERENCES `media_posts` (`id`) ON DELETE CASCADE,
  ADD CONSTRAINT `comments_user_id_foreign` FOREIGN KEY (`user_id`) REFERENCES `users` (`id`) ON DELETE CASCADE;

--
-- Constraints for table `followers`
--
ALTER TABLE `followers`
  ADD CONSTRAINT `followers_followed_id_foreign` FOREIGN KEY (`followed_id`) REFERENCES `users` (`id`) ON DELETE CASCADE,
  ADD CONSTRAINT `followers_follower_id_foreign` FOREIGN KEY (`follower_id`) REFERENCES `users` (`id`) ON DELETE CASCADE;

--
-- Constraints for table `follows`
--
ALTER TABLE `follows`
  ADD CONSTRAINT `follows_followed_id_foreign` FOREIGN KEY (`followed_id`) REFERENCES `users` (`id`) ON DELETE CASCADE,
  ADD CONSTRAINT `follows_follower_id_foreign` FOREIGN KEY (`follower_id`) REFERENCES `users` (`id`) ON DELETE CASCADE;

--
-- Constraints for table `likes`
--
ALTER TABLE `likes`
  ADD CONSTRAINT `likes_media_post_id_foreign` FOREIGN KEY (`media_post_id`) REFERENCES `media_posts` (`id`) ON DELETE CASCADE,
  ADD CONSTRAINT `likes_user_id_foreign` FOREIGN KEY (`user_id`) REFERENCES `users` (`id`) ON DELETE CASCADE;

--
-- Constraints for table `media_posts`
--
ALTER TABLE `media_posts`
  ADD CONSTRAINT `media_posts_user_id_foreign` FOREIGN KEY (`user_id`) REFERENCES `users` (`id`) ON DELETE CASCADE;

--
-- Constraints for table `model_has_permissions`
--
ALTER TABLE `model_has_permissions`
  ADD CONSTRAINT `model_has_permissions_permission_id_foreign` FOREIGN KEY (`permission_id`) REFERENCES `permissions` (`id`) ON DELETE CASCADE;

--
-- Constraints for table `model_has_roles`
--
ALTER TABLE `model_has_roles`
  ADD CONSTRAINT `model_has_roles_role_id_foreign` FOREIGN KEY (`role_id`) REFERENCES `roles` (`id`) ON DELETE CASCADE;

--
-- Constraints for table `profile_settings`
--
ALTER TABLE `profile_settings`
  ADD CONSTRAINT `profile_settings_user_id_foreign` FOREIGN KEY (`user_id`) REFERENCES `users` (`id`) ON DELETE CASCADE;

--
-- Constraints for table `role_has_permissions`
--
ALTER TABLE `role_has_permissions`
  ADD CONSTRAINT `role_has_permissions_permission_id_foreign` FOREIGN KEY (`permission_id`) REFERENCES `permissions` (`id`) ON DELETE CASCADE,
  ADD CONSTRAINT `role_has_permissions_role_id_foreign` FOREIGN KEY (`role_id`) REFERENCES `roles` (`id`) ON DELETE CASCADE;
COMMIT;

/*!40101 SET CHARACTER_SET_CLIENT=@OLD_CHARACTER_SET_CLIENT */;
/*!40101 SET CHARACTER_SET_RESULTS=@OLD_CHARACTER_SET_RESULTS */;
/*!40101 SET COLLATION_CONNECTION=@OLD_COLLATION_CONNECTION */;
